sim_id,particle_energy,barrier_height,barrier_width,energy_ratio,regime,transmission_probability,reflection_probability,decay_or_wave_constant,incident_wavenumber_k1
SIM_0001,0.1,3.0,0.5,0.0333,tunneling,0.053036,0.946964,2.4083,0.4472
SIM_0002,0.2,3.0,0.5,0.0667,tunneling,0.102122,0.897878,2.3664,0.6325
SIM_0003,0.3,3.0,0.5,0.1,tunneling,0.147659,0.852341,2.3238,0.7746
SIM_0004,0.4,3.0,0.5,0.1333,tunneling,0.189995,0.810005,2.2804,0.8944
SIM_0005,0.5,3.0,0.5,0.1667,tunneling,0.229436,0.770564,2.2361,1.0
SIM_0006,0.6,3.0,0.5,0.2,tunneling,0.266251,0.733749,2.1909,1.0954
SIM_0007,0.7,3.0,0.5,0.2333,tunneling,0.300675,0.699325,2.1448,1.1832
SIM_0008,0.8,3.0,0.5,0.2667,tunneling,0.332918,0.667082,2.0976,1.2649
SIM_0009,0.9,3.0,0.5,0.3,tunneling,0.363166,0.636834,2.0494,1.3416
SIM_0010,1.0,3.0,0.5,0.3333,tunneling,0.391583,0.608417,2.0,1.4142
SIM_0011,1.1,3.0,0.5,0.3667,tunneling,0.418319,0.581681,1.9494,1.4832
SIM_0012,1.2,3.0,0.5,0.4,tunneling,0.443506,0.556494,1.8974,1.5492
SIM_0013,1.3,3.0,0.5,0.4333,tunneling,0.467264,0.532736,1.8439,1.6125
SIM_0014,1.4,3.0,0.5,0.4667,tunneling,0.4897,0.5103,1.7889,1.6733
SIM_0015,1.5,3.0,0.5,0.5,tunneling,0.510911,0.489089,1.7321,1.7321
SIM_0016,1.6,3.0,0.5,0.5333,tunneling,0.530986,0.469014,1.6733,1.7889
SIM_0017,1.7,3.0,0.5,0.5667,tunneling,0.550004,0.449996,1.6125,1.8439
SIM_0018,1.8,3.0,0.5,0.6,tunneling,0.56804,0.43196,1.5492,1.8974
SIM_0019,1.9,3.0,0.5,0.6333,tunneling,0.585158,0.414842,1.4832,1.9494
SIM_0020,2.0,3.0,0.5,0.6667,tunneling,0.601421,0.398579,1.4142,2.0
SIM_0021,2.1,3.0,0.5,0.7,tunneling,0.616884,0.383116,1.3416,2.0494
SIM_0022,2.2,3.0,0.5,0.7333,tunneling,0.631597,0.368403,1.2649,2.0976
SIM_0023,2.3,3.0,0.5,0.7667,tunneling,0.645609,0.354391,1.1832,2.1448
SIM_0024,2.4,3.0,0.5,0.8,tunneling,0.658961,0.341039,1.0954,2.1909
SIM_0025,2.5,3.0,0.5,0.8333,tunneling,0.671694,0.328306,1.0,2.2361
SIM_0026,2.6,3.0,0.5,0.8667,tunneling,0.683845,0.316155,0.8944,2.2804
SIM_0027,2.7,3.0,0.5,0.9,tunneling,0.695448,0.304552,0.7746,2.3238
SIM_0028,2.8,3.0,0.5,0.9333,tunneling,0.706535,0.293465,0.6325,2.3664
SIM_0029,2.9,3.0,0.5,0.9667,tunneling,0.717134,0.282866,0.4472,2.4083
SIM_0030,3.0,3.0,0.5,1.0,over_barrier,0.727268,0.272732,0.0077,2.4495
SIM_0031,3.1,3.0,0.5,1.0333,over_barrier,0.736977,0.263023,0.4472,2.49
SIM_0032,3.2,3.0,0.5,1.0667,over_barrier,0.746269,0.253731,0.6325,2.5298
SIM_0033,3.3,3.0,0.5,1.1,over_barrier,0.755172,0.244828,0.7746,2.569
SIM_0034,3.4,3.0,0.5,1.1333,over_barrier,0.763707,0.236293,0.8944,2.6077
SIM_0035,3.5,3.0,0.5,1.1667,over_barrier,0.771891,0.228109,1.0,2.6458
SIM_0036,3.6,3.0,0.5,1.2,over_barrier,0.779743,0.220257,1.0954,2.6833
SIM_0037,3.7,3.0,0.5,1.2333,over_barrier,0.78728,0.21272,1.1832,2.7203
SIM_0038,3.8,3.0,0.5,1.2667,over_barrier,0.794518,0.205482,1.2649,2.7568
SIM_0039,3.9,3.0,0.5,1.3,over_barrier,0.80147,0.19853,1.3416,2.7928
SIM_0040,4.0,3.0,0.5,1.3333,over_barrier,0.808152,0.191848,1.4142,2.8284
SIM_0041,4.1,3.0,0.5,1.3667,over_barrier,0.814576,0.185424,1.4832,2.8636
SIM_0042,4.2,3.0,0.5,1.4,over_barrier,0.820754,0.179246,1.5492,2.8983
SIM_0043,4.3,3.0,0.5,1.4333,over_barrier,0.826697,0.173303,1.6125,2.9326
SIM_0044,4.4,3.0,0.5,1.4667,over_barrier,0.832417,0.167583,1.6733,2.9665
SIM_0045,4.5,3.0,0.5,1.5,over_barrier,0.837924,0.162076,1.7321,3.0
SIM_0046,4.6,3.0,0.5,1.5333,over_barrier,0.843227,0.156773,1.7889,3.0332
SIM_0047,4.7,3.0,0.5,1.5667,over_barrier,0.848335,0.151665,1.8439,3.0659
SIM_0048,4.8,3.0,0.5,1.6,over_barrier,0.853258,0.146742,1.8974,3.0984
SIM_0049,4.9,3.0,0.5,1.6333,over_barrier,0.858003,0.141997,1.9494,3.1305
SIM_0050,5.0,3.0,0.5,1.6667,over_barrier,0.862577,0.137423,2.0,3.1623
SIM_0051,5.1,3.0,0.5,1.7,over_barrier,0.866989,0.133011,2.0494,3.1937
SIM_0052,5.2,3.0,0.5,1.7333,over_barrier,0.871245,0.128755,2.0976,3.2249
SIM_0053,5.3,3.0,0.5,1.7667,over_barrier,0.875351,0.124649,2.1448,3.2558
SIM_0054,5.4,3.0,0.5,1.8,over_barrier,0.879315,0.120685,2.1909,3.2863
SIM_0055,5.5,3.0,0.5,1.8333,over_barrier,0.883141,0.116859,2.2361,3.3166
SIM_0056,5.6,3.0,0.5,1.8667,over_barrier,0.886835,0.113165,2.2804,3.3466
SIM_0057,5.7,3.0,0.5,1.9,over_barrier,0.890403,0.109597,2.3238,3.3764
SIM_0058,5.8,3.0,0.5,1.9333,over_barrier,0.89385,0.10615,2.3664,3.4059
SIM_0059,5.9,3.0,0.5,1.9667,over_barrier,0.89718,0.10282,2.4083,3.4351
SIM_0060,6.0,3.0,0.5,2.0,over_barrier,0.900399,0.099601,2.4495,3.4641
SIM_0061,6.1,3.0,0.5,2.0333,over_barrier,0.90351,0.09649,2.49,3.4928
SIM_0062,6.2,3.0,0.5,2.0667,over_barrier,0.906517,0.093483,2.5298,3.5214
SIM_0063,6.3,3.0,0.5,2.1,over_barrier,0.909425,0.090575,2.569,3.5496
SIM_0064,6.4,3.0,0.5,2.1333,over_barrier,0.912238,0.087762,2.6077,3.5777
SIM_0065,6.5,3.0,0.5,2.1667,over_barrier,0.914959,0.085041,2.6458,3.6056
SIM_0066,6.6,3.0,0.5,2.2,over_barrier,0.917591,0.082409,2.6833,3.6332
SIM_0067,6.7,3.0,0.5,2.2333,over_barrier,0.920137,0.079863,2.7203,3.6606
SIM_0068,6.8,3.0,0.5,2.2667,over_barrier,0.922602,0.077398,2.7568,3.6878
SIM_0069,6.9,3.0,0.5,2.3,over_barrier,0.924988,0.075012,2.7928,3.7148
SIM_0070,7.0,3.0,0.5,2.3333,over_barrier,0.927297,0.072703,2.8284,3.7417
SIM_0071,7.1,3.0,0.5,2.3667,over_barrier,0.929533,0.070467,2.8636,3.7683
SIM_0072,7.2,3.0,0.5,2.4,over_barrier,0.931698,0.068302,2.8983,3.7947
SIM_0073,7.3,3.0,0.5,2.4333,over_barrier,0.933795,0.066205,2.9326,3.821
SIM_0074,7.4,3.0,0.5,2.4667,over_barrier,0.935826,0.064174,2.9665,3.8471
SIM_0075,7.5,3.0,0.5,2.5,over_barrier,0.937793,0.062207,3.0,3.873
SIM_0076,7.6,3.0,0.5,2.5333,over_barrier,0.939699,0.060301,3.0332,3.8987
SIM_0077,7.7,3.0,0.5,2.5667,over_barrier,0.941546,0.058454,3.0659,3.9243
SIM_0078,7.8,3.0,0.5,2.6,over_barrier,0.943336,0.056664,3.0984,3.9497
SIM_0079,7.9,3.0,0.5,2.6333,over_barrier,0.94507,0.05493,3.1305,3.9749
SIM_0080,8.0,3.0,0.5,2.6667,over_barrier,0.946751,0.053249,3.1623,4.0
SIM_0081,8.1,3.0,0.5,2.7,over_barrier,0.94838,0.05162,3.1937,4.0249
SIM_0082,8.2,3.0,0.5,2.7333,over_barrier,0.94996,0.05004,3.2249,4.0497
SIM_0083,8.3,3.0,0.5,2.7667,over_barrier,0.951492,0.048508,3.2558,4.0743
SIM_0084,8.4,3.0,0.5,2.8,over_barrier,0.952976,0.047024,3.2863,4.0988
SIM_0085,8.5,3.0,0.5,2.8333,over_barrier,0.954416,0.045584,3.3166,4.1231
SIM_0086,8.6,3.0,0.5,2.8667,over_barrier,0.955813,0.044187,3.3466,4.1473
SIM_0087,8.7,3.0,0.5,2.9,over_barrier,0.957167,0.042833,3.3764,4.1713
SIM_0088,8.8,3.0,0.5,2.9333,over_barrier,0.958481,0.041519,3.4059,4.1952
SIM_0089,8.9,3.0,0.5,2.9667,over_barrier,0.959755,0.040245,3.4351,4.219
SIM_0090,9.0,3.0,0.5,3.0,over_barrier,0.960991,0.039009,3.4641,4.2426
SIM_0091,9.1,3.0,0.5,3.0333,over_barrier,0.96219,0.03781,3.4928,4.2661
SIM_0092,9.2,3.0,0.5,3.0667,over_barrier,0.963353,0.036647,3.5214,4.2895
SIM_0093,9.3,3.0,0.5,3.1,over_barrier,0.964482,0.035518,3.5496,4.3128
SIM_0094,9.4,3.0,0.5,3.1333,over_barrier,0.965577,0.034423,3.5777,4.3359
SIM_0095,9.5,3.0,0.5,3.1667,over_barrier,0.96664,0.03336,3.6056,4.3589
SIM_0096,9.6,3.0,0.5,3.2,over_barrier,0.967671,0.032329,3.6332,4.3818
SIM_0097,9.7,3.0,0.5,3.2333,over_barrier,0.968672,0.031328,3.6606,4.4045
SIM_0098,9.8,3.0,0.5,3.2667,over_barrier,0.969643,0.030357,3.6878,4.4272
SIM_0099,9.9,3.0,0.5,3.3,over_barrier,0.970586,0.029414,3.7148,4.4497
SIM_0100,10.0,3.0,0.5,3.3333,over_barrier,0.971501,0.028499,3.7417,4.4721
SIM_0101,0.1,3.0,1.0,0.0333,tunneling,0.004223,0.995777,2.4083,0.4472
SIM_0102,0.2,3.0,1.0,0.0667,tunneling,0.00884,0.99116,2.3664,0.6325
SIM_0103,0.3,3.0,1.0,0.1,tunneling,0.013875,0.986125,2.3238,0.7746
SIM_0104,0.4,3.0,1.0,0.1333,tunneling,0.019358,0.980642,2.2804,0.8944
SIM_0105,0.5,3.0,1.0,0.1667,tunneling,0.025317,0.974683,2.2361,1.0
SIM_0106,0.6,3.0,1.0,0.2,tunneling,0.03178,0.96822,2.1909,1.0954
SIM_0107,0.7,3.0,1.0,0.2333,tunneling,0.03878,0.96122,2.1448,1.1832
SIM_0108,0.8,3.0,1.0,0.2667,tunneling,0.046345,0.953655,2.0976,1.2649
SIM_0109,0.9,3.0,1.0,0.3,tunneling,0.054507,0.945493,2.0494,1.3416
SIM_0110,1.0,3.0,1.0,0.3333,tunneling,0.063298,0.936702,2.0,1.4142
SIM_0111,1.1,3.0,1.0,0.3667,tunneling,0.072747,0.927253,1.9494,1.4832
SIM_0112,1.2,3.0,1.0,0.4,tunneling,0.082886,0.917114,1.8974,1.5492
SIM_0113,1.3,3.0,1.0,0.4333,tunneling,0.093743,0.906257,1.8439,1.6125
SIM_0114,1.4,3.0,1.0,0.4667,tunneling,0.105345,0.894655,1.7889,1.6733
SIM_0115,1.5,3.0,1.0,0.5,tunneling,0.11772,0.88228,1.7321,1.7321
SIM_0116,1.6,3.0,1.0,0.5333,tunneling,0.130888,0.869112,1.6733,1.7889
SIM_0117,1.7,3.0,1.0,0.5667,tunneling,0.144872,0.855128,1.6125,1.8439
SIM_0118,1.8,3.0,1.0,0.6,tunneling,0.159685,0.840315,1.5492,1.8974
SIM_0119,1.9,3.0,1.0,0.6333,tunneling,0.175341,0.824659,1.4832,1.9494
SIM_0120,2.0,3.0,1.0,0.6667,tunneling,0.191845,0.808155,1.4142,2.0
SIM_0121,2.1,3.0,1.0,0.7,tunneling,0.209198,0.790802,1.3416,2.0494
SIM_0122,2.2,3.0,1.0,0.7333,tunneling,0.227393,0.772607,1.2649,2.0976
SIM_0123,2.3,3.0,1.0,0.7667,tunneling,0.246418,0.753582,1.1832,2.1448
SIM_0124,2.4,3.0,1.0,0.8,tunneling,0.266251,0.733749,1.0954,2.1909
SIM_0125,2.5,3.0,1.0,0.8333,tunneling,0.286864,0.713136,1.0,2.2361
SIM_0126,2.6,3.0,1.0,0.8667,tunneling,0.308218,0.691782,0.8944,2.2804
SIM_0127,2.7,3.0,1.0,0.9,tunneling,0.330268,0.669732,0.7746,2.3238
SIM_0128,2.8,3.0,1.0,0.9333,tunneling,0.352959,0.647041,0.6325,2.3664
SIM_0129,2.9,3.0,1.0,0.9667,tunneling,0.376227,0.623773,0.4472,2.4083
SIM_0130,3.0,3.0,1.0,1.0,over_barrier,0.39999,0.60001,0.0077,2.4495
SIM_0131,3.1,3.0,1.0,1.0333,over_barrier,0.424199,0.575801,0.4472,2.49
SIM_0132,3.2,3.0,1.0,1.0667,over_barrier,0.448739,0.551261,0.6325,2.5298
SIM_0133,3.3,3.0,1.0,1.1,over_barrier,0.473526,0.526474,0.7746,2.569
SIM_0134,3.4,3.0,1.0,1.1333,over_barrier,0.498465,0.501535,0.8944,2.6077
SIM_0135,3.5,3.0,1.0,1.1667,over_barrier,0.523456,0.476544,1.0,2.6458
SIM_0136,3.6,3.0,1.0,1.2,over_barrier,0.548397,0.451603,1.0954,2.6833
SIM_0137,3.7,3.0,1.0,1.2333,over_barrier,0.573187,0.426813,1.1832,2.7203
SIM_0138,3.8,3.0,1.0,1.2667,over_barrier,0.597724,0.402276,1.2649,2.7568
SIM_0139,3.9,3.0,1.0,1.3,over_barrier,0.62191,0.37809,1.3416,2.7928
SIM_0140,4.0,3.0,1.0,1.3333,over_barrier,0.645652,0.354348,1.4142,2.8284
SIM_0141,4.1,3.0,1.0,1.3667,over_barrier,0.668862,0.331138,1.4832,2.8636
SIM_0142,4.2,3.0,1.0,1.4,over_barrier,0.691458,0.308542,1.5492,2.8983
SIM_0143,4.3,3.0,1.0,1.4333,over_barrier,0.713365,0.286635,1.6125,2.9326
SIM_0144,4.4,3.0,1.0,1.4667,over_barrier,0.73452,0.26548,1.6733,2.9665
SIM_0145,4.5,3.0,1.0,1.5,over_barrier,0.754865,0.245135,1.7321,3.0
SIM_0146,4.6,3.0,1.0,1.5333,over_barrier,0.774354,0.225646,1.7889,3.0332
SIM_0147,4.7,3.0,1.0,1.5667,over_barrier,0.79295,0.20705,1.8439,3.0659
SIM_0148,4.8,3.0,1.0,1.6,over_barrier,0.810624,0.189376,1.8974,3.0984
SIM_0149,4.9,3.0,1.0,1.6333,over_barrier,0.82736,0.17264,1.9494,3.1305
SIM_0150,5.0,3.0,1.0,1.6667,over_barrier,0.843146,0.156854,2.0,3.1623
SIM_0151,5.1,3.0,1.0,1.7,over_barrier,0.857981,0.142019,2.0494,3.1937
SIM_0152,5.2,3.0,1.0,1.7333,over_barrier,0.871871,0.128129,2.0976,3.2249
SIM_0153,5.3,3.0,1.0,1.7667,over_barrier,0.884829,0.115171,2.1448,3.2558
SIM_0154,5.4,3.0,1.0,1.8,over_barrier,0.896874,0.103126,2.1909,3.2863
SIM_0155,5.5,3.0,1.0,1.8333,over_barrier,0.908029,0.091971,2.2361,3.3166
SIM_0156,5.6,3.0,1.0,1.8667,over_barrier,0.918323,0.081677,2.2804,3.3466
SIM_0157,5.7,3.0,1.0,1.9,over_barrier,0.927787,0.072213,2.3238,3.3764
SIM_0158,5.8,3.0,1.0,1.9333,over_barrier,0.936457,0.063543,2.3664,3.4059
SIM_0159,5.9,3.0,1.0,1.9667,over_barrier,0.944368,0.055632,2.4083,3.4351
SIM_0160,6.0,3.0,1.0,2.0,over_barrier,0.95156,0.04844,2.4495,3.4641
SIM_0161,6.1,3.0,1.0,2.0333,over_barrier,0.958072,0.041928,2.49,3.4928
SIM_0162,6.2,3.0,1.0,2.0667,over_barrier,0.963942,0.036058,2.5298,3.5214
SIM_0163,6.3,3.0,1.0,2.1,over_barrier,0.969212,0.030788,2.569,3.5496
SIM_0164,6.4,3.0,1.0,2.1333,over_barrier,0.973919,0.026081,2.6077,3.5777
SIM_0165,6.5,3.0,1.0,2.1667,over_barrier,0.978103,0.021897,2.6458,3.6056
SIM_0166,6.6,3.0,1.0,2.2,over_barrier,0.981801,0.018199,2.6833,3.6332
SIM_0167,6.7,3.0,1.0,2.2333,over_barrier,0.985048,0.014952,2.7203,3.6606
SIM_0168,6.8,3.0,1.0,2.2667,over_barrier,0.98788,0.01212,2.7568,3.6878
SIM_0169,6.9,3.0,1.0,2.3,resonance,0.990331,0.009669,2.7928,3.7148
SIM_0170,7.0,3.0,1.0,2.3333,resonance,0.992431,0.007569,2.8284,3.7417
SIM_0171,7.1,3.0,1.0,2.3667,resonance,0.994211,0.005789,2.8636,3.7683
SIM_0172,7.2,3.0,1.0,2.4,resonance,0.9957,0.0043,2.8983,3.7947
SIM_0173,7.3,3.0,1.0,2.4333,resonance,0.996923,0.003077,2.9326,3.821
SIM_0174,7.4,3.0,1.0,2.4667,resonance,0.997907,0.002093,2.9665,3.8471
SIM_0175,7.5,3.0,1.0,2.5,resonance,0.998674,0.001326,3.0,3.873
SIM_0176,7.6,3.0,1.0,2.5333,resonance,0.999247,0.000753,3.0332,3.8987
SIM_0177,7.7,3.0,1.0,2.5667,resonance,0.999645,0.000355,3.0659,3.9243
SIM_0178,7.8,3.0,1.0,2.6,resonance,0.999888,0.000112,3.0984,3.9497
SIM_0179,7.9,3.0,1.0,2.6333,resonance,0.999993,7e-06,3.1305,3.9749
SIM_0180,8.0,3.0,1.0,2.6667,resonance,0.999976,2.4e-05,3.1623,4.0
SIM_0181,8.1,3.0,1.0,2.7,resonance,0.999852,0.000148,3.1937,4.0249
SIM_0182,8.2,3.0,1.0,2.7333,resonance,0.999635,0.000365,3.2249,4.0497
SIM_0183,8.3,3.0,1.0,2.7667,resonance,0.999337,0.000663,3.2558,4.0743
SIM_0184,8.4,3.0,1.0,2.8,resonance,0.998969,0.001031,3.2863,4.0988
SIM_0185,8.5,3.0,1.0,2.8333,resonance,0.998543,0.001457,3.3166,4.1231
SIM_0186,8.6,3.0,1.0,2.8667,resonance,0.998067,0.001933,3.3466,4.1473
SIM_0187,8.7,3.0,1.0,2.9,resonance,0.99755,0.00245,3.3764,4.1713
SIM_0188,8.8,3.0,1.0,2.9333,resonance,0.997001,0.002999,3.4059,4.1952
SIM_0189,8.9,3.0,1.0,2.9667,resonance,0.996426,0.003574,3.4351,4.219
SIM_0190,9.0,3.0,1.0,3.0,resonance,0.995832,0.004168,3.4641,4.2426
SIM_0191,9.1,3.0,1.0,3.0333,resonance,0.995224,0.004776,3.4928,4.2661
SIM_0192,9.2,3.0,1.0,3.0667,resonance,0.994608,0.005392,3.5214,4.2895
SIM_0193,9.3,3.0,1.0,3.1,resonance,0.993989,0.006011,3.5496,4.3128
SIM_0194,9.4,3.0,1.0,3.1333,resonance,0.993371,0.006629,3.5777,4.3359
SIM_0195,9.5,3.0,1.0,3.1667,resonance,0.992756,0.007244,3.6056,4.3589
SIM_0196,9.6,3.0,1.0,3.2,resonance,0.99215,0.00785,3.6332,4.3818
SIM_0197,9.7,3.0,1.0,3.2333,resonance,0.991554,0.008446,3.6606,4.4045
SIM_0198,9.8,3.0,1.0,3.2667,resonance,0.990971,0.009029,3.6878,4.4272
SIM_0199,9.9,3.0,1.0,3.3,resonance,0.990404,0.009596,3.7148,4.4497
SIM_0200,10.0,3.0,1.0,3.3333,over_barrier,0.989854,0.010146,3.7417,4.4721
SIM_0201,0.1,3.0,1.5,0.0333,tunneling,0.000376,0.999624,2.4083,0.4472
SIM_0202,0.2,3.0,1.5,0.0667,tunneling,0.000823,0.999177,2.3664,0.6325
SIM_0203,0.3,3.0,1.5,0.1,tunneling,0.001352,0.998648,2.3238,0.7746
SIM_0204,0.4,3.0,1.5,0.1333,tunneling,0.001977,0.998023,2.2804,0.8944
SIM_0205,0.5,3.0,1.5,0.1667,tunneling,0.002712,0.997288,2.2361,1.0
SIM_0206,0.6,3.0,1.5,0.2,tunneling,0.003576,0.996424,2.1909,1.0954
SIM_0207,0.7,3.0,1.5,0.2333,tunneling,0.004589,0.995411,2.1448,1.1832
SIM_0208,0.8,3.0,1.5,0.2667,tunneling,0.005775,0.994225,2.0976,1.2649
SIM_0209,0.9,3.0,1.5,0.3,tunneling,0.007161,0.992839,2.0494,1.3416
SIM_0210,1.0,3.0,1.5,0.3333,tunneling,0.008779,0.991221,2.0,1.4142
SIM_0211,1.1,3.0,1.5,0.3667,tunneling,0.010668,0.989332,1.9494,1.4832
SIM_0212,1.2,3.0,1.5,0.4,tunneling,0.01287,0.98713,1.8974,1.5492
SIM_0213,1.3,3.0,1.5,0.4333,tunneling,0.015437,0.984563,1.8439,1.6125
SIM_0214,1.4,3.0,1.5,0.4667,tunneling,0.018427,0.981573,1.7889,1.6733
SIM_0215,1.5,3.0,1.5,0.5,tunneling,0.021908,0.978092,1.7321,1.7321
SIM_0216,1.6,3.0,1.5,0.5333,tunneling,0.025961,0.974039,1.6733,1.7889
SIM_0217,1.7,3.0,1.5,0.5667,tunneling,0.030677,0.969323,1.6125,1.8439
SIM_0218,1.8,3.0,1.5,0.6,tunneling,0.036164,0.963836,1.5492,1.8974
SIM_0219,1.9,3.0,1.5,0.6333,tunneling,0.042546,0.957454,1.4832,1.9494
SIM_0220,2.0,3.0,1.5,0.6667,tunneling,0.049965,0.950035,1.4142,2.0
SIM_0221,2.1,3.0,1.5,0.7,tunneling,0.058584,0.941416,1.3416,2.0494
SIM_0222,2.2,3.0,1.5,0.7333,tunneling,0.068589,0.931411,1.2649,2.0976
SIM_0223,2.3,3.0,1.5,0.7667,tunneling,0.080192,0.919808,1.1832,2.1448
SIM_0224,2.4,3.0,1.5,0.8,tunneling,0.093629,0.906371,1.0954,2.1909
SIM_0225,2.5,3.0,1.5,0.8333,tunneling,0.10916,0.89084,1.0,2.2361
SIM_0226,2.6,3.0,1.5,0.8667,tunneling,0.127069,0.872931,0.8944,2.2804
SIM_0227,2.7,3.0,1.5,0.9,tunneling,0.147659,0.852341,0.7746,2.3238
SIM_0228,2.8,3.0,1.5,0.9333,tunneling,0.171239,0.828761,0.6325,2.3664
SIM_0229,2.9,3.0,1.5,0.9667,tunneling,0.198116,0.801884,0.4472,2.4083
SIM_0230,3.0,3.0,1.5,1.0,over_barrier,0.22856,0.77144,0.0077,2.4495
SIM_0231,3.1,3.0,1.5,1.0333,over_barrier,0.262834,0.737166,0.4472,2.49
SIM_0232,3.2,3.0,1.5,1.0667,over_barrier,0.30105,0.69895,0.6325,2.5298
SIM_0233,3.3,3.0,1.5,1.1,over_barrier,0.343237,0.656763,0.7746,2.569
SIM_0234,3.4,3.0,1.5,1.1333,over_barrier,0.38925,0.61075,0.8944,2.6077
SIM_0235,3.5,3.0,1.5,1.1667,over_barrier,0.438735,0.561265,1.0,2.6458
SIM_0236,3.6,3.0,1.5,1.2,over_barrier,0.491106,0.508894,1.0954,2.6833
SIM_0237,3.7,3.0,1.5,1.2333,over_barrier,0.545535,0.454465,1.1832,2.7203
SIM_0238,3.8,3.0,1.5,1.2667,over_barrier,0.600974,0.399026,1.2649,2.7568
SIM_0239,3.9,3.0,1.5,1.3,over_barrier,0.656209,0.343791,1.3416,2.7928
SIM_0240,4.0,3.0,1.5,1.3333,over_barrier,0.709944,0.290056,1.4142,2.8284
SIM_0241,4.1,3.0,1.5,1.3667,over_barrier,0.76091,0.23909,1.4832,2.8636
SIM_0242,4.2,3.0,1.5,1.4,over_barrier,0.80797,0.19203,1.5492,2.8983
SIM_0243,4.3,3.0,1.5,1.4333,over_barrier,0.850219,0.149781,1.6125,2.9326
SIM_0244,4.4,3.0,1.5,1.4667,over_barrier,0.887044,0.112956,1.6733,2.9665
SIM_0245,4.5,3.0,1.5,1.5,over_barrier,0.918149,0.081851,1.7321,3.0
SIM_0246,4.6,3.0,1.5,1.5333,over_barrier,0.943537,0.056463,1.7889,3.0332
SIM_0247,4.7,3.0,1.5,1.5667,over_barrier,0.963467,0.036533,1.8439,3.0659
SIM_0248,4.8,3.0,1.5,1.6,over_barrier,0.978386,0.021614,1.8974,3.0984
SIM_0249,4.9,3.0,1.5,1.6333,over_barrier,0.988866,0.011134,1.9494,3.1305
SIM_0250,5.0,3.0,1.5,1.6667,resonance,0.995539,0.004461,2.0,3.1623
SIM_0251,5.1,3.0,1.5,1.7,resonance,0.999045,0.000955,2.0494,3.1937
SIM_0252,5.2,3.0,1.5,1.7333,resonance,0.999995,5e-06,2.0976,3.2249
SIM_0253,5.3,3.0,1.5,1.7667,resonance,0.99895,0.00105,2.1448,3.2558
SIM_0254,5.4,3.0,1.5,1.8,resonance,0.996401,0.003599,2.1909,3.2863
SIM_0255,5.5,3.0,1.5,1.8333,resonance,0.992773,0.007227,2.2361,3.3166
SIM_0256,5.6,3.0,1.5,1.8667,over_barrier,0.988421,0.011579,2.2804,3.3466
SIM_0257,5.7,3.0,1.5,1.9,over_barrier,0.983635,0.016365,2.3238,3.3764
SIM_0258,5.8,3.0,1.5,1.9333,over_barrier,0.978649,0.021351,2.3664,3.4059
SIM_0259,5.9,3.0,1.5,1.9667,over_barrier,0.973647,0.026353,2.4083,3.4351
SIM_0260,6.0,3.0,1.5,2.0,over_barrier,0.968773,0.031227,2.4495,3.4641
SIM_0261,6.1,3.0,1.5,2.0333,over_barrier,0.964132,0.035868,2.49,3.4928
SIM_0262,6.2,3.0,1.5,2.0667,over_barrier,0.959804,0.040196,2.5298,3.5214
SIM_0263,6.3,3.0,1.5,2.1,over_barrier,0.955845,0.044155,2.569,3.5496
SIM_0264,6.4,3.0,1.5,2.1333,over_barrier,0.952289,0.047711,2.6077,3.5777
SIM_0265,6.5,3.0,1.5,2.1667,over_barrier,0.94916,0.05084,2.6458,3.6056
SIM_0266,6.6,3.0,1.5,2.2,over_barrier,0.946465,0.053535,2.6833,3.6332
SIM_0267,6.7,3.0,1.5,2.2333,over_barrier,0.944206,0.055794,2.7203,3.6606
SIM_0268,6.8,3.0,1.5,2.2667,over_barrier,0.942375,0.057625,2.7568,3.6878
SIM_0269,6.9,3.0,1.5,2.3,over_barrier,0.94096,0.05904,2.7928,3.7148
SIM_0270,7.0,3.0,1.5,2.3333,over_barrier,0.939945,0.060055,2.8284,3.7417
SIM_0271,7.1,3.0,1.5,2.3667,over_barrier,0.93931,0.06069,2.8636,3.7683
SIM_0272,7.2,3.0,1.5,2.4,over_barrier,0.939033,0.060967,2.8983,3.7947
SIM_0273,7.3,3.0,1.5,2.4333,over_barrier,0.93909,0.06091,2.9326,3.821
SIM_0274,7.4,3.0,1.5,2.4667,over_barrier,0.939458,0.060542,2.9665,3.8471
SIM_0275,7.5,3.0,1.5,2.5,over_barrier,0.940111,0.059889,3.0,3.873
SIM_0276,7.6,3.0,1.5,2.5333,over_barrier,0.941025,0.058975,3.0332,3.8987
SIM_0277,7.7,3.0,1.5,2.5667,over_barrier,0.942174,0.057826,3.0659,3.9243
SIM_0278,7.8,3.0,1.5,2.6,over_barrier,0.943535,0.056465,3.0984,3.9497
SIM_0279,7.9,3.0,1.5,2.6333,over_barrier,0.945083,0.054917,3.1305,3.9749
SIM_0280,8.0,3.0,1.5,2.6667,over_barrier,0.946794,0.053206,3.1623,4.0
SIM_0281,8.1,3.0,1.5,2.7,over_barrier,0.948646,0.051354,3.1937,4.0249
SIM_0282,8.2,3.0,1.5,2.7333,over_barrier,0.950618,0.049382,3.2249,4.0497
SIM_0283,8.3,3.0,1.5,2.7667,over_barrier,0.952687,0.047313,3.2558,4.0743
SIM_0284,8.4,3.0,1.5,2.8,over_barrier,0.954835,0.045165,3.2863,4.0988
SIM_0285,8.5,3.0,1.5,2.8333,over_barrier,0.957042,0.042958,3.3166,4.1231
SIM_0286,8.6,3.0,1.5,2.8667,over_barrier,0.95929,0.04071,3.3466,4.1473
SIM_0287,8.7,3.0,1.5,2.9,over_barrier,0.961563,0.038437,3.3764,4.1713
SIM_0288,8.8,3.0,1.5,2.9333,over_barrier,0.963846,0.036154,3.4059,4.1952
SIM_0289,8.9,3.0,1.5,2.9667,over_barrier,0.966122,0.033878,3.4351,4.219
SIM_0290,9.0,3.0,1.5,3.0,over_barrier,0.96838,0.03162,3.4641,4.2426
SIM_0291,9.1,3.0,1.5,3.0333,over_barrier,0.970606,0.029394,3.4928,4.2661
SIM_0292,9.2,3.0,1.5,3.0667,over_barrier,0.97279,0.02721,3.5214,4.2895
SIM_0293,9.3,3.0,1.5,3.1,over_barrier,0.974921,0.025079,3.5496,4.3128
SIM_0294,9.4,3.0,1.5,3.1333,over_barrier,0.97699,0.02301,3.5777,4.3359
SIM_0295,9.5,3.0,1.5,3.1667,over_barrier,0.97899,0.02101,3.6056,4.3589
SIM_0296,9.6,3.0,1.5,3.2,over_barrier,0.980913,0.019087,3.6332,4.3818
SIM_0297,9.7,3.0,1.5,3.2333,over_barrier,0.982754,0.017246,3.6606,4.4045
SIM_0298,9.8,3.0,1.5,3.2667,over_barrier,0.984507,0.015493,3.6878,4.4272
SIM_0299,9.9,3.0,1.5,3.3,over_barrier,0.986169,0.013831,3.7148,4.4497
SIM_0300,10.0,3.0,1.5,3.3333,over_barrier,0.987735,0.012265,3.7417,4.4721
SIM_0301,0.1,3.0,2.0,0.0333,tunneling,3.4e-05,0.999966,2.4083,0.4472
SIM_0302,0.2,3.0,2.0,0.0667,tunneling,7.7e-05,0.999923,2.3664,0.6325
SIM_0303,0.3,3.0,2.0,0.1,tunneling,0.000132,0.999868,2.3238,0.7746
SIM_0304,0.4,3.0,2.0,0.1333,tunneling,0.000202,0.999798,2.2804,0.8944
SIM_0305,0.5,3.0,2.0,0.1667,tunneling,0.00029,0.99971,2.2361,1.0
SIM_0306,0.6,3.0,2.0,0.2,tunneling,0.0004,0.9996,2.1909,1.0954
SIM_0307,0.7,3.0,2.0,0.2333,tunneling,0.000538,0.999462,2.1448,1.1832
SIM_0308,0.8,3.0,2.0,0.2667,tunneling,0.00071,0.99929,2.0976,1.2649
SIM_0309,0.9,3.0,2.0,0.3,tunneling,0.000925,0.999075,2.0494,1.3416
SIM_0310,1.0,3.0,2.0,0.3333,tunneling,0.001192,0.998808,2.0,1.4142
SIM_0311,1.1,3.0,2.0,0.3667,tunneling,0.001525,0.998475,1.9494,1.4832
SIM_0312,1.2,3.0,2.0,0.4,tunneling,0.00194,0.99806,1.8974,1.5492
SIM_0313,1.3,3.0,2.0,0.4333,tunneling,0.002458,0.997542,1.8439,1.6125
SIM_0314,1.4,3.0,2.0,0.4667,tunneling,0.003104,0.996896,1.7889,1.6733
SIM_0315,1.5,3.0,2.0,0.5,tunneling,0.003911,0.996089,1.7321,1.7321
SIM_0316,1.6,3.0,2.0,0.5333,tunneling,0.004923,0.995077,1.6733,1.7889
SIM_0317,1.7,3.0,2.0,0.5667,tunneling,0.006192,0.993808,1.6125,1.8439
SIM_0318,1.8,3.0,2.0,0.6,tunneling,0.007789,0.992211,1.5492,1.8974
SIM_0319,1.9,3.0,2.0,0.6333,tunneling,0.009804,0.990196,1.4832,1.9494
SIM_0320,2.0,3.0,2.0,0.6667,tunneling,0.012354,0.987646,1.4142,2.0
SIM_0321,2.1,3.0,2.0,0.7,tunneling,0.015592,0.984408,1.3416,2.0494
SIM_0322,2.2,3.0,2.0,0.7333,tunneling,0.01972,0.98028,1.2649,2.0976
SIM_0323,2.3,3.0,2.0,0.7667,tunneling,0.024999,0.975001,1.1832,2.1448
SIM_0324,2.4,3.0,2.0,0.8,tunneling,0.03178,0.96822,1.0954,2.1909
SIM_0325,2.5,3.0,2.0,0.8333,tunneling,0.040523,0.959477,1.0,2.2361
SIM_0326,2.6,3.0,2.0,0.8667,tunneling,0.051836,0.948164,0.8944,2.2804
SIM_0327,2.7,3.0,2.0,0.9,tunneling,0.066521,0.933479,0.7746,2.3238
SIM_0328,2.8,3.0,2.0,0.9333,tunneling,0.085628,0.914372,0.6325,2.3664
SIM_0329,2.9,3.0,2.0,0.9667,tunneling,0.110509,0.889491,0.4472,2.4083
SIM_0330,3.0,3.0,2.0,1.0,over_barrier,0.142845,0.857155,0.0077,2.4495
SIM_0331,3.1,3.0,2.0,1.0333,over_barrier,0.184702,0.815298,0.4472,2.49
SIM_0332,3.2,3.0,2.0,1.0667,over_barrier,0.238276,0.761724,0.6325,2.5298
SIM_0333,3.3,3.0,2.0,1.1,over_barrier,0.305655,0.694345,0.7746,2.569
SIM_0334,3.4,3.0,2.0,1.1333,over_barrier,0.38805,0.61195,0.8944,2.6077
SIM_0335,3.5,3.0,2.0,1.1667,over_barrier,0.484718,0.515282,1.0,2.6458
SIM_0336,3.6,3.0,2.0,1.2,over_barrier,0.591749,0.408251,1.0954,2.6833
SIM_0337,3.7,3.0,2.0,1.2333,over_barrier,0.701523,0.298477,1.1832,2.7203
SIM_0338,3.8,3.0,2.0,1.2667,over_barrier,0.803777,0.196223,1.2649,2.7568
SIM_0339,3.9,3.0,2.0,1.3,over_barrier,0.88851,0.11149,1.3416,2.7928
SIM_0340,4.0,3.0,2.0,1.3333,over_barrier,0.94932,0.05068,1.4142,2.8284
SIM_0341,4.1,3.0,2.0,1.3667,over_barrier,0.985083,0.014917,1.4832,2.8636
SIM_0342,4.2,3.0,2.0,1.4,resonance,0.999168,0.000832,1.5492,2.8983
SIM_0343,4.3,3.0,2.0,1.4333,resonance,0.997221,0.002779,1.6125,2.9326
SIM_0344,4.4,3.0,2.0,1.4667,over_barrier,0.985083,0.014917,1.6733,2.9665
SIM_0345,4.5,3.0,2.0,1.5,over_barrier,0.9676,0.0324,1.7321,3.0
SIM_0346,4.6,3.0,2.0,1.5333,over_barrier,0.948271,0.051729,1.7889,3.0332
SIM_0347,4.7,3.0,2.0,1.5667,over_barrier,0.929378,0.070622,1.8439,3.0659
SIM_0348,4.8,3.0,2.0,1.6,over_barrier,0.91227,0.08773,1.8974,3.0984
SIM_0349,4.9,3.0,2.0,1.6333,over_barrier,0.897659,0.102341,1.9494,3.1305
SIM_0350,5.0,3.0,2.0,1.6667,over_barrier,0.885843,0.114157,2.0,3.1623
SIM_0351,5.1,3.0,2.0,1.7,over_barrier,0.876865,0.123135,2.0494,3.1937
SIM_0352,5.2,3.0,2.0,1.7333,over_barrier,0.870623,0.129377,2.0976,3.2249
SIM_0353,5.3,3.0,2.0,1.7667,over_barrier,0.866932,0.133068,2.1448,3.2558
SIM_0354,5.4,3.0,2.0,1.8,over_barrier,0.865564,0.134436,2.1909,3.2863
SIM_0355,5.5,3.0,2.0,1.8333,over_barrier,0.866272,0.133728,2.2361,3.3166
SIM_0356,5.6,3.0,2.0,1.8667,over_barrier,0.868806,0.131194,2.2804,3.3466
SIM_0357,5.7,3.0,2.0,1.9,over_barrier,0.872916,0.127084,2.3238,3.3764
SIM_0358,5.8,3.0,2.0,1.9333,over_barrier,0.878357,0.121643,2.3664,3.4059
SIM_0359,5.9,3.0,2.0,1.9667,over_barrier,0.884895,0.115105,2.4083,3.4351
SIM_0360,6.0,3.0,2.0,2.0,over_barrier,0.892301,0.107699,2.4495,3.4641
SIM_0361,6.1,3.0,2.0,2.0333,over_barrier,0.90036,0.09964,2.49,3.4928
SIM_0362,6.2,3.0,2.0,2.0667,over_barrier,0.908865,0.091135,2.5298,3.5214
SIM_0363,6.3,3.0,2.0,2.1,over_barrier,0.917626,0.082374,2.569,3.5496
SIM_0364,6.4,3.0,2.0,2.1333,over_barrier,0.926462,0.073538,2.6077,3.5777
SIM_0365,6.5,3.0,2.0,2.1667,over_barrier,0.93521,0.06479,2.6458,3.6056
SIM_0366,6.6,3.0,2.0,2.2,over_barrier,0.943723,0.056277,2.6833,3.6332
SIM_0367,6.7,3.0,2.0,2.2333,over_barrier,0.951872,0.048128,2.7203,3.6606
SIM_0368,6.8,3.0,2.0,2.2667,over_barrier,0.959547,0.040453,2.7568,3.6878
SIM_0369,6.9,3.0,2.0,2.3,over_barrier,0.966657,0.033343,2.7928,3.7148
SIM_0370,7.0,3.0,2.0,2.3333,over_barrier,0.973131,0.026869,2.8284,3.7417
SIM_0371,7.1,3.0,2.0,2.3667,over_barrier,0.978919,0.021081,2.8636,3.7683
SIM_0372,7.2,3.0,2.0,2.4,over_barrier,0.983988,0.016012,2.8983,3.7947
SIM_0373,7.3,3.0,2.0,2.4333,over_barrier,0.988325,0.011675,2.9326,3.821
SIM_0374,7.4,3.0,2.0,2.4667,resonance,0.99193,0.00807,2.9665,3.8471
SIM_0375,7.5,3.0,2.0,2.5,resonance,0.994822,0.005178,3.0,3.873
SIM_0376,7.6,3.0,2.0,2.5333,resonance,0.997029,0.002971,3.0332,3.8987
SIM_0377,7.7,3.0,2.0,2.5667,resonance,0.99859,0.00141,3.0659,3.9243
SIM_0378,7.8,3.0,2.0,2.6,resonance,0.999553,0.000447,3.0984,3.9497
SIM_0379,7.9,3.0,2.0,2.6333,resonance,0.999971,2.9e-05,3.1305,3.9749
SIM_0380,8.0,3.0,2.0,2.6667,resonance,0.999904,9.6e-05,3.1623,4.0
SIM_0381,8.1,3.0,2.0,2.7,resonance,0.99941,0.00059,3.1937,4.0249
SIM_0382,8.2,3.0,2.0,2.7333,resonance,0.998551,0.001449,3.2249,4.0497
SIM_0383,8.3,3.0,2.0,2.7667,resonance,0.997386,0.002614,3.2558,4.0743
SIM_0384,8.4,3.0,2.0,2.8,resonance,0.995974,0.004026,3.2863,4.0988
SIM_0385,8.5,3.0,2.0,2.8333,resonance,0.994371,0.005629,3.3166,4.1231
SIM_0386,8.6,3.0,2.0,2.8667,resonance,0.992628,0.007372,3.3466,4.1473
SIM_0387,8.7,3.0,2.0,2.9,resonance,0.990794,0.009206,3.3764,4.1713
SIM_0388,8.8,3.0,2.0,2.9333,over_barrier,0.988913,0.011087,3.4059,4.1952
SIM_0389,8.9,3.0,2.0,2.9667,over_barrier,0.987024,0.012976,3.4351,4.219
SIM_0390,9.0,3.0,2.0,3.0,over_barrier,0.985163,0.014837,3.4641,4.2426
SIM_0391,9.1,3.0,2.0,3.0333,over_barrier,0.983359,0.016641,3.4928,4.2661
SIM_0392,9.2,3.0,2.0,3.0667,over_barrier,0.98164,0.01836,3.5214,4.2895
SIM_0393,9.3,3.0,2.0,3.1,over_barrier,0.980027,0.019973,3.5496,4.3128
SIM_0394,9.4,3.0,2.0,3.1333,over_barrier,0.978539,0.021461,3.5777,4.3359
SIM_0395,9.5,3.0,2.0,3.1667,over_barrier,0.977191,0.022809,3.6056,4.3589
SIM_0396,9.6,3.0,2.0,3.2,over_barrier,0.975993,0.024007,3.6332,4.3818
SIM_0397,9.7,3.0,2.0,3.2333,over_barrier,0.974955,0.025045,3.6606,4.4045
SIM_0398,9.8,3.0,2.0,3.2667,over_barrier,0.97408,0.02592,3.6878,4.4272
SIM_0399,9.9,3.0,2.0,3.3,over_barrier,0.973373,0.026627,3.7148,4.4497
SIM_0400,10.0,3.0,2.0,3.3333,over_barrier,0.972833,0.027167,3.7417,4.4721
SIM_0401,0.1,5.0,0.5,0.02,tunneling,0.014763,0.985237,3.1305,0.4472
SIM_0402,0.2,5.0,0.5,0.04,tunneling,0.029508,0.970492,3.0984,0.6325
SIM_0403,0.3,5.0,0.5,0.06,tunneling,0.044227,0.955773,3.0659,0.7746
SIM_0404,0.4,5.0,0.5,0.08,tunneling,0.058914,0.941086,3.0332,0.8944
SIM_0405,0.5,5.0,0.5,0.1,tunneling,0.073562,0.926438,3.0,1.0
SIM_0406,0.6,5.0,0.5,0.12,tunneling,0.088163,0.911837,2.9665,1.0954
SIM_0407,0.7,5.0,0.5,0.14,tunneling,0.102711,0.897289,2.9326,1.1832
SIM_0408,0.8,5.0,0.5,0.16,tunneling,0.117199,0.882801,2.8983,1.2649
SIM_0409,0.9,5.0,0.5,0.18,tunneling,0.13162,0.86838,2.8636,1.3416
SIM_0410,1.0,5.0,0.5,0.2,tunneling,0.145969,0.854031,2.8284,1.4142
SIM_0411,1.1,5.0,0.5,0.22,tunneling,0.16024,0.83976,2.7928,1.4832
SIM_0412,1.2,5.0,0.5,0.24,tunneling,0.174426,0.825574,2.7568,1.5492
SIM_0413,1.3,5.0,0.5,0.26,tunneling,0.188523,0.811477,2.7203,1.6125
SIM_0414,1.4,5.0,0.5,0.28,tunneling,0.202524,0.797476,2.6833,1.6733
SIM_0415,1.5,5.0,0.5,0.3,tunneling,0.216425,0.783575,2.6458,1.7321
SIM_0416,1.6,5.0,0.5,0.32,tunneling,0.230221,0.769779,2.6077,1.7889
SIM_0417,1.7,5.0,0.5,0.34,tunneling,0.243907,0.756093,2.569,1.8439
SIM_0418,1.8,5.0,0.5,0.36,tunneling,0.257478,0.742522,2.5298,1.8974
SIM_0419,1.9,5.0,0.5,0.38,tunneling,0.27093,0.72907,2.49,1.9494
SIM_0420,2.0,5.0,0.5,0.4,tunneling,0.28426,0.71574,2.4495,2.0
SIM_0421,2.1,5.0,0.5,0.42,tunneling,0.297463,0.702537,2.4083,2.0494
SIM_0422,2.2,5.0,0.5,0.44,tunneling,0.310535,0.689465,2.3664,2.0976
SIM_0423,2.3,5.0,0.5,0.46,tunneling,0.323474,0.676526,2.3238,2.1448
SIM_0424,2.4,5.0,0.5,0.48,tunneling,0.336276,0.663724,2.2804,2.1909
SIM_0425,2.5,5.0,0.5,0.5,tunneling,0.348938,0.651062,2.2361,2.2361
SIM_0426,2.6,5.0,0.5,0.52,tunneling,0.361458,0.638542,2.1909,2.2804
SIM_0427,2.7,5.0,0.5,0.54,tunneling,0.373833,0.626167,2.1448,2.3238
SIM_0428,2.8,5.0,0.5,0.56,tunneling,0.38606,0.61394,2.0976,2.3664
SIM_0429,2.9,5.0,0.5,0.58,tunneling,0.398138,0.601862,2.0494,2.4083
SIM_0430,3.0,5.0,0.5,0.6,tunneling,0.410064,0.589936,2.0,2.4495
SIM_0431,3.1,5.0,0.5,0.62,tunneling,0.421837,0.578163,1.9494,2.49
SIM_0432,3.2,5.0,0.5,0.64,tunneling,0.433456,0.566544,1.8974,2.5298
SIM_0433,3.3,5.0,0.5,0.66,tunneling,0.444918,0.555082,1.8439,2.569
SIM_0434,3.4,5.0,0.5,0.68,tunneling,0.456224,0.543776,1.7889,2.6077
SIM_0435,3.5,5.0,0.5,0.7,tunneling,0.467371,0.532629,1.7321,2.6458
SIM_0436,3.6,5.0,0.5,0.72,tunneling,0.478359,0.521641,1.6733,2.6833
SIM_0437,3.7,5.0,0.5,0.74,tunneling,0.489187,0.510813,1.6125,2.7203
SIM_0438,3.8,5.0,0.5,0.76,tunneling,0.499855,0.500145,1.5492,2.7568
SIM_0439,3.9,5.0,0.5,0.78,tunneling,0.510363,0.489637,1.4832,2.7928
SIM_0440,4.0,5.0,0.5,0.8,tunneling,0.52071,0.47929,1.4142,2.8284
SIM_0441,4.1,5.0,0.5,0.82,tunneling,0.530896,0.469104,1.3416,2.8636
SIM_0442,4.2,5.0,0.5,0.84,tunneling,0.540921,0.459079,1.2649,2.8983
SIM_0443,4.3,5.0,0.5,0.86,tunneling,0.550786,0.449214,1.1832,2.9326
SIM_0444,4.4,5.0,0.5,0.88,tunneling,0.56049,0.43951,1.0954,2.9665
SIM_0445,4.5,5.0,0.5,0.9,tunneling,0.570035,0.429965,1.0,3.0
SIM_0446,4.6,5.0,0.5,0.92,tunneling,0.57942,0.42058,0.8944,3.0332
SIM_0447,4.7,5.0,0.5,0.94,tunneling,0.588647,0.411353,0.7746,3.0659
SIM_0448,4.8,5.0,0.5,0.96,tunneling,0.597716,0.402284,0.6325,3.0984
SIM_0449,4.9,5.0,0.5,0.98,tunneling,0.606628,0.393372,0.4472,3.1305
SIM_0450,5.0,5.0,0.5,1.0,over_barrier,0.615378,0.384622,0.01,3.1623
SIM_0451,5.1,5.0,0.5,1.02,over_barrier,0.623986,0.376014,0.4472,3.1937
SIM_0452,5.2,5.0,0.5,1.04,over_barrier,0.632433,0.367567,0.6325,3.2249
SIM_0453,5.3,5.0,0.5,1.06,over_barrier,0.640728,0.359272,0.7746,3.2558
SIM_0454,5.4,5.0,0.5,1.08,over_barrier,0.648871,0.351129,0.8944,3.2863
SIM_0455,5.5,5.0,0.5,1.1,over_barrier,0.656865,0.343135,1.0,3.3166
SIM_0456,5.6,5.0,0.5,1.12,over_barrier,0.664709,0.335291,1.0954,3.3466
SIM_0457,5.7,5.0,0.5,1.14,over_barrier,0.672407,0.327593,1.1832,3.3764
SIM_0458,5.8,5.0,0.5,1.16,over_barrier,0.679959,0.320041,1.2649,3.4059
SIM_0459,5.9,5.0,0.5,1.18,over_barrier,0.687366,0.312634,1.3416,3.4351
SIM_0460,6.0,5.0,0.5,1.2,over_barrier,0.694631,0.305369,1.4142,3.4641
SIM_0461,6.1,5.0,0.5,1.22,over_barrier,0.701755,0.298245,1.4832,3.4928
SIM_0462,6.2,5.0,0.5,1.24,over_barrier,0.70874,0.29126,1.5492,3.5214
SIM_0463,6.3,5.0,0.5,1.26,over_barrier,0.715588,0.284412,1.6125,3.5496
SIM_0464,6.4,5.0,0.5,1.28,over_barrier,0.7223,0.2777,1.6733,3.5777
SIM_0465,6.5,5.0,0.5,1.3,over_barrier,0.728877,0.271123,1.7321,3.6056
SIM_0466,6.6,5.0,0.5,1.32,over_barrier,0.735323,0.264677,1.7889,3.6332
SIM_0467,6.7,5.0,0.5,1.34,over_barrier,0.741638,0.258362,1.8439,3.6606
SIM_0468,6.8,5.0,0.5,1.36,over_barrier,0.747824,0.252176,1.8974,3.6878
SIM_0469,6.9,5.0,0.5,1.38,over_barrier,0.753884,0.246116,1.9494,3.7148
SIM_0470,7.0,5.0,0.5,1.4,over_barrier,0.759818,0.240182,2.0,3.7417
SIM_0471,7.1,5.0,0.5,1.42,over_barrier,0.76563,0.23437,2.0494,3.7683
SIM_0472,7.2,5.0,0.5,1.44,over_barrier,0.77132,0.22868,2.0976,3.7947
SIM_0473,7.3,5.0,0.5,1.46,over_barrier,0.776892,0.223108,2.1448,3.821
SIM_0474,7.4,5.0,0.5,1.48,over_barrier,0.782345,0.217655,2.1909,3.8471
SIM_0475,7.5,5.0,0.5,1.5,over_barrier,0.787683,0.212317,2.2361,3.873
SIM_0476,7.6,5.0,0.5,1.52,over_barrier,0.792908,0.207092,2.2804,3.8987
SIM_0477,7.7,5.0,0.5,1.54,over_barrier,0.798021,0.201979,2.3238,3.9243
SIM_0478,7.8,5.0,0.5,1.56,over_barrier,0.803023,0.196977,2.3664,3.9497
SIM_0479,7.9,5.0,0.5,1.58,over_barrier,0.807918,0.192082,2.4083,3.9749
SIM_0480,8.0,5.0,0.5,1.6,over_barrier,0.812707,0.187293,2.4495,4.0
SIM_0481,8.1,5.0,0.5,1.62,over_barrier,0.817391,0.182609,2.49,4.0249
SIM_0482,8.2,5.0,0.5,1.64,over_barrier,0.821972,0.178028,2.5298,4.0497
SIM_0483,8.3,5.0,0.5,1.66,over_barrier,0.826453,0.173547,2.569,4.0743
SIM_0484,8.4,5.0,0.5,1.68,over_barrier,0.830835,0.169165,2.6077,4.0988
SIM_0485,8.5,5.0,0.5,1.7,over_barrier,0.835119,0.164881,2.6458,4.1231
SIM_0486,8.6,5.0,0.5,1.72,over_barrier,0.839309,0.160691,2.6833,4.1473
SIM_0487,8.7,5.0,0.5,1.74,over_barrier,0.843404,0.156596,2.7203,4.1713
SIM_0488,8.8,5.0,0.5,1.76,over_barrier,0.847408,0.152592,2.7568,4.1952
SIM_0489,8.9,5.0,0.5,1.78,over_barrier,0.851322,0.148678,2.7928,4.219
SIM_0490,9.0,5.0,0.5,1.8,over_barrier,0.855147,0.144853,2.8284,4.2426
SIM_0491,9.1,5.0,0.5,1.82,over_barrier,0.858886,0.141114,2.8636,4.2661
SIM_0492,9.2,5.0,0.5,1.84,over_barrier,0.862539,0.137461,2.8983,4.2895
SIM_0493,9.3,5.0,0.5,1.86,over_barrier,0.86611,0.13389,2.9326,4.3128
SIM_0494,9.4,5.0,0.5,1.88,over_barrier,0.869598,0.130402,2.9665,4.3359
SIM_0495,9.5,5.0,0.5,1.9,over_barrier,0.873006,0.126994,3.0,4.3589
SIM_0496,9.6,5.0,0.5,1.92,over_barrier,0.876336,0.123664,3.0332,4.3818
SIM_0497,9.7,5.0,0.5,1.94,over_barrier,0.879588,0.120412,3.0659,4.4045
SIM_0498,9.8,5.0,0.5,1.96,over_barrier,0.882766,0.117234,3.0984,4.4272
SIM_0499,9.9,5.0,0.5,1.98,over_barrier,0.885869,0.114131,3.1305,4.4497
SIM_0500,10.0,5.0,0.5,2.0,over_barrier,0.888899,0.111101,3.1623,4.4721
SIM_0501,0.1,5.0,1.0,0.02,tunneling,0.000601,0.999399,3.1305,0.4472
SIM_0502,0.2,5.0,1.0,0.04,tunneling,0.001254,0.998746,3.0984,0.6325
SIM_0503,0.3,5.0,1.0,0.06,tunneling,0.001965,0.998035,3.0659,0.7746
SIM_0504,0.4,5.0,1.0,0.08,tunneling,0.002737,0.997263,3.0332,0.8944
SIM_0505,0.5,5.0,1.0,0.1,tunneling,0.003574,0.996426,3.0,1.0
SIM_0506,0.6,5.0,1.0,0.12,tunneling,0.004482,0.995518,2.9665,1.0954
SIM_0507,0.7,5.0,1.0,0.14,tunneling,0.005466,0.994534,2.9326,1.1832
SIM_0508,0.8,5.0,1.0,0.16,tunneling,0.00653,0.99347,2.8983,1.2649
SIM_0509,0.9,5.0,1.0,0.18,tunneling,0.007681,0.992319,2.8636,1.3416
SIM_0510,1.0,5.0,1.0,0.2,tunneling,0.008926,0.991074,2.8284,1.4142
SIM_0511,1.1,5.0,1.0,0.22,tunneling,0.01027,0.98973,2.7928,1.4832
SIM_0512,1.2,5.0,1.0,0.24,tunneling,0.011722,0.988278,2.7568,1.5492
SIM_0513,1.3,5.0,1.0,0.26,tunneling,0.013288,0.986712,2.7203,1.6125
SIM_0514,1.4,5.0,1.0,0.28,tunneling,0.014978,0.985022,2.6833,1.6733
SIM_0515,1.5,5.0,1.0,0.3,tunneling,0.016799,0.983201,2.6458,1.7321
SIM_0516,1.6,5.0,1.0,0.32,tunneling,0.018762,0.981238,2.6077,1.7889
SIM_0517,1.7,5.0,1.0,0.34,tunneling,0.020876,0.979124,2.569,1.8439
SIM_0518,1.8,5.0,1.0,0.36,tunneling,0.023152,0.976848,2.5298,1.8974
SIM_0519,1.9,5.0,1.0,0.38,tunneling,0.025601,0.974399,2.49,1.9494
SIM_0520,2.0,5.0,1.0,0.4,tunneling,0.028235,0.971765,2.4495,2.0
SIM_0521,2.1,5.0,1.0,0.42,tunneling,0.031068,0.968932,2.4083,2.0494
SIM_0522,2.2,5.0,1.0,0.44,tunneling,0.034112,0.965888,2.3664,2.0976
SIM_0523,2.3,5.0,1.0,0.46,tunneling,0.037383,0.962617,2.3238,2.1448
SIM_0524,2.4,5.0,1.0,0.48,tunneling,0.040895,0.959105,2.2804,2.1909
SIM_0525,2.5,5.0,1.0,0.5,tunneling,0.044665,0.955335,2.2361,2.2361
SIM_0526,2.6,5.0,1.0,0.52,tunneling,0.048711,0.951289,2.1909,2.2804
SIM_0527,2.7,5.0,1.0,0.54,tunneling,0.053049,0.946951,2.1448,2.3238
SIM_0528,2.8,5.0,1.0,0.56,tunneling,0.057699,0.942301,2.0976,2.3664
SIM_0529,2.9,5.0,1.0,0.58,tunneling,0.062682,0.937318,2.0494,2.4083
SIM_0530,3.0,5.0,1.0,0.6,tunneling,0.068017,0.931983,2.0,2.4495
SIM_0531,3.1,5.0,1.0,0.62,tunneling,0.073727,0.926273,1.9494,2.49
SIM_0532,3.2,5.0,1.0,0.64,tunneling,0.079835,0.920165,1.8974,2.5298
SIM_0533,3.3,5.0,1.0,0.66,tunneling,0.086364,0.913636,1.8439,2.569
SIM_0534,3.4,5.0,1.0,0.68,tunneling,0.093338,0.906662,1.7889,2.6077
SIM_0535,3.5,5.0,1.0,0.7,tunneling,0.100783,0.899217,1.7321,2.6458
SIM_0536,3.6,5.0,1.0,0.72,tunneling,0.108723,0.891277,1.6733,2.6833
SIM_0537,3.7,5.0,1.0,0.74,tunneling,0.117186,0.882814,1.6125,2.7203
SIM_0538,3.8,5.0,1.0,0.76,tunneling,0.126197,0.873803,1.5492,2.7568
SIM_0539,3.9,5.0,1.0,0.78,tunneling,0.135783,0.864217,1.4832,2.7928
SIM_0540,4.0,5.0,1.0,0.8,tunneling,0.145969,0.854031,1.4142,2.8284
SIM_0541,4.1,5.0,1.0,0.82,tunneling,0.156782,0.843218,1.3416,2.8636
SIM_0542,4.2,5.0,1.0,0.84,tunneling,0.168245,0.831755,1.2649,2.8983
SIM_0543,4.3,5.0,1.0,0.86,tunneling,0.180383,0.819617,1.1832,2.9326
SIM_0544,4.4,5.0,1.0,0.88,tunneling,0.193217,0.806783,1.0954,2.9665
SIM_0545,4.5,5.0,1.0,0.9,tunneling,0.206766,0.793234,1.0,3.0
SIM_0546,4.6,5.0,1.0,0.92,tunneling,0.221048,0.778952,0.8944,3.0332
SIM_0547,4.7,5.0,1.0,0.94,tunneling,0.236076,0.763924,0.7746,3.0659
SIM_0548,4.8,5.0,1.0,0.96,tunneling,0.251861,0.748139,0.6325,3.0984
SIM_0549,4.9,5.0,1.0,0.98,tunneling,0.268407,0.731593,0.4472,3.1305
SIM_0550,5.0,5.0,1.0,1.0,over_barrier,0.285703,0.714297,0.01,3.1623
SIM_0551,5.1,5.0,1.0,1.02,over_barrier,0.303778,0.696222,0.4472,3.1937
SIM_0552,5.2,5.0,1.0,1.04,over_barrier,0.322586,0.677414,0.6325,3.2249
SIM_0553,5.3,5.0,1.0,1.06,over_barrier,0.34212,0.65788,0.7746,3.2558
SIM_0554,5.4,5.0,1.0,1.08,over_barrier,0.362353,0.637647,0.8944,3.2863
SIM_0555,5.5,5.0,1.0,1.1,over_barrier,0.383251,0.616749,1.0,3.3166
SIM_0556,5.6,5.0,1.0,1.12,over_barrier,0.404772,0.595228,1.0954,3.3466
SIM_0557,5.7,5.0,1.0,1.14,over_barrier,0.426865,0.573135,1.1832,3.3764
SIM_0558,5.8,5.0,1.0,1.16,over_barrier,0.449472,0.550528,1.2649,3.4059
SIM_0559,5.9,5.0,1.0,1.18,over_barrier,0.472525,0.527475,1.3416,3.4351
SIM_0560,6.0,5.0,1.0,1.2,over_barrier,0.495949,0.504051,1.4142,3.4641
SIM_0561,6.1,5.0,1.0,1.22,over_barrier,0.519663,0.480337,1.4832,3.4928
SIM_0562,6.2,5.0,1.0,1.24,over_barrier,0.543578,0.456422,1.5492,3.5214
SIM_0563,6.3,5.0,1.0,1.26,over_barrier,0.567601,0.432399,1.6125,3.5496
SIM_0564,6.4,5.0,1.0,1.28,over_barrier,0.591633,0.408367,1.6733,3.5777
SIM_0565,6.5,5.0,1.0,1.3,over_barrier,0.615574,0.384426,1.7321,3.6056
SIM_0566,6.6,5.0,1.0,1.32,over_barrier,0.639322,0.360678,1.7889,3.6332
SIM_0567,6.7,5.0,1.0,1.34,over_barrier,0.662776,0.337224,1.8439,3.6606
SIM_0568,6.8,5.0,1.0,1.36,over_barrier,0.685837,0.314163,1.8974,3.6878
SIM_0569,6.9,5.0,1.0,1.38,over_barrier,0.708408,0.291592,1.9494,3.7148
SIM_0570,7.0,5.0,1.0,1.4,over_barrier,0.730398,0.269602,2.0,3.7417
SIM_0571,7.1,5.0,1.0,1.42,over_barrier,0.751723,0.248277,2.0494,3.7683
SIM_0572,7.2,5.0,1.0,1.44,over_barrier,0.772305,0.227695,2.0976,3.7947
SIM_0573,7.3,5.0,1.0,1.46,over_barrier,0.792077,0.207923,2.1448,3.821
SIM_0574,7.4,5.0,1.0,1.48,over_barrier,0.81098,0.18902,2.1909,3.8471
SIM_0575,7.5,5.0,1.0,1.5,over_barrier,0.828964,0.171036,2.2361,3.873
SIM_0576,7.6,5.0,1.0,1.52,over_barrier,0.845992,0.154008,2.2804,3.8987
SIM_0577,7.7,5.0,1.0,1.54,over_barrier,0.862034,0.137966,2.3238,3.9243
SIM_0578,7.8,5.0,1.0,1.56,over_barrier,0.877072,0.122928,2.3664,3.9497
SIM_0579,7.9,5.0,1.0,1.58,over_barrier,0.891099,0.108901,2.4083,3.9749
SIM_0580,8.0,5.0,1.0,1.6,over_barrier,0.904115,0.095885,2.4495,4.0
SIM_0581,8.1,5.0,1.0,1.62,over_barrier,0.91613,0.08387,2.49,4.0249
SIM_0582,8.2,5.0,1.0,1.64,over_barrier,0.927159,0.072841,2.5298,4.0497
SIM_0583,8.3,5.0,1.0,1.66,over_barrier,0.937228,0.062772,2.569,4.0743
SIM_0584,8.4,5.0,1.0,1.68,over_barrier,0.946364,0.053636,2.6077,4.0988
SIM_0585,8.5,5.0,1.0,1.7,over_barrier,0.954604,0.045396,2.6458,4.1231
SIM_0586,8.6,5.0,1.0,1.72,over_barrier,0.961986,0.038014,2.6833,4.1473
SIM_0587,8.7,5.0,1.0,1.74,over_barrier,0.968551,0.031449,2.7203,4.1713
SIM_0588,8.8,5.0,1.0,1.76,over_barrier,0.974342,0.025658,2.7568,4.1952
SIM_0589,8.9,5.0,1.0,1.78,over_barrier,0.979407,0.020593,2.7928,4.219
SIM_0590,9.0,5.0,1.0,1.8,over_barrier,0.98379,0.01621,2.8284,4.2426
SIM_0591,9.1,5.0,1.0,1.82,over_barrier,0.987539,0.012461,2.8636,4.2661
SIM_0592,9.2,5.0,1.0,1.84,resonance,0.990699,0.009301,2.8983,4.2895
SIM_0593,9.3,5.0,1.0,1.86,resonance,0.993316,0.006684,2.9326,4.3128
SIM_0594,9.4,5.0,1.0,1.88,resonance,0.995434,0.004566,2.9665,4.3359
SIM_0595,9.5,5.0,1.0,1.9,resonance,0.997097,0.002903,3.0,4.3589
SIM_0596,9.6,5.0,1.0,1.92,resonance,0.998345,0.001655,3.0332,4.3818
SIM_0597,9.7,5.0,1.0,1.94,resonance,0.999218,0.000782,3.0659,4.4045
SIM_0598,9.8,5.0,1.0,1.96,resonance,0.999752,0.000248,3.0984,4.4272
SIM_0599,9.9,5.0,1.0,1.98,resonance,0.999984,1.6e-05,3.1305,4.4497
SIM_0600,10.0,5.0,1.0,2.0,resonance,0.999947,5.3e-05,3.1623,4.4721
SIM_0601,0.1,5.0,1.5,0.02,tunneling,2.6e-05,0.999974,3.1305,0.4472
SIM_0602,0.2,5.0,1.5,0.04,tunneling,5.6e-05,0.999944,3.0984,0.6325
SIM_0603,0.3,5.0,1.5,0.06,tunneling,9.1e-05,0.999909,3.0659,0.7746
SIM_0604,0.4,5.0,1.5,0.08,tunneling,0.000132,0.999868,3.0332,0.8944
SIM_0605,0.5,5.0,1.5,0.1,tunneling,0.000178,0.999822,3.0,1.0
SIM_0606,0.6,5.0,1.5,0.12,tunneling,0.000231,0.999769,2.9665,1.0954
SIM_0607,0.7,5.0,1.5,0.14,tunneling,0.000291,0.999709,2.9326,1.1832
SIM_0608,0.8,5.0,1.5,0.16,tunneling,0.00036,0.99964,2.8983,1.2649
SIM_0609,0.9,5.0,1.5,0.18,tunneling,0.000439,0.999561,2.8636,1.3416
SIM_0610,1.0,5.0,1.5,0.2,tunneling,0.000529,0.999471,2.8284,1.4142
SIM_0611,1.1,5.0,1.5,0.22,tunneling,0.000631,0.999369,2.7928,1.4832
SIM_0612,1.2,5.0,1.5,0.24,tunneling,0.000747,0.999253,2.7568,1.5492
SIM_0613,1.3,5.0,1.5,0.26,tunneling,0.000879,0.999121,2.7203,1.6125
SIM_0614,1.4,5.0,1.5,0.28,tunneling,0.001029,0.998971,2.6833,1.6733
SIM_0615,1.5,5.0,1.5,0.3,tunneling,0.0012,0.9988,2.6458,1.7321
SIM_0616,1.6,5.0,1.5,0.32,tunneling,0.001393,0.998607,2.6077,1.7889
SIM_0617,1.7,5.0,1.5,0.34,tunneling,0.001613,0.998387,2.569,1.8439
SIM_0618,1.8,5.0,1.5,0.36,tunneling,0.001863,0.998137,2.5298,1.8974
SIM_0619,1.9,5.0,1.5,0.38,tunneling,0.002146,0.997854,2.49,1.9494
SIM_0620,2.0,5.0,1.5,0.4,tunneling,0.002468,0.997532,2.4495,2.0
SIM_0621,2.1,5.0,1.5,0.42,tunneling,0.002834,0.997166,2.4083,2.0494
SIM_0622,2.2,5.0,1.5,0.44,tunneling,0.00325,0.99675,2.3664,2.0976
SIM_0623,2.3,5.0,1.5,0.46,tunneling,0.003723,0.996277,2.3238,2.1448
SIM_0624,2.4,5.0,1.5,0.48,tunneling,0.00426,0.99574,2.2804,2.1909
SIM_0625,2.5,5.0,1.5,0.5,tunneling,0.004872,0.995128,2.2361,2.2361
SIM_0626,2.6,5.0,1.5,0.52,tunneling,0.005568,0.994432,2.1909,2.2804
SIM_0627,2.7,5.0,1.5,0.54,tunneling,0.006361,0.993639,2.1448,2.3238
SIM_0628,2.8,5.0,1.5,0.56,tunneling,0.007265,0.992735,2.0976,2.3664
SIM_0629,2.9,5.0,1.5,0.58,tunneling,0.008297,0.991703,2.0494,2.4083
SIM_0630,3.0,5.0,1.5,0.6,tunneling,0.009475,0.990525,2.0,2.4495
SIM_0631,3.1,5.0,1.5,0.62,tunneling,0.010822,0.989178,1.9494,2.49
SIM_0632,3.2,5.0,1.5,0.64,tunneling,0.012362,0.987638,1.8974,2.5298
SIM_0633,3.3,5.0,1.5,0.66,tunneling,0.014126,0.985874,1.8439,2.569
SIM_0634,3.4,5.0,1.5,0.68,tunneling,0.016148,0.983852,1.7889,2.6077
SIM_0635,3.5,5.0,1.5,0.7,tunneling,0.018467,0.981533,1.7321,2.6458
SIM_0636,3.6,5.0,1.5,0.72,tunneling,0.021132,0.978868,1.6733,2.6833
SIM_0637,3.7,5.0,1.5,0.74,tunneling,0.024197,0.975803,1.6125,2.7203
SIM_0638,3.8,5.0,1.5,0.76,tunneling,0.027726,0.972274,1.5492,2.7568
SIM_0639,3.9,5.0,1.5,0.78,tunneling,0.031792,0.968208,1.4832,2.7928
SIM_0640,4.0,5.0,1.5,0.8,tunneling,0.036485,0.963515,1.4142,2.8284
SIM_0641,4.1,5.0,1.5,0.82,tunneling,0.041905,0.958095,1.3416,2.8636
SIM_0642,4.2,5.0,1.5,0.84,tunneling,0.048173,0.951827,1.2649,2.8983
SIM_0643,4.3,5.0,1.5,0.86,tunneling,0.055426,0.944574,1.1832,2.9326
SIM_0644,4.4,5.0,1.5,0.88,tunneling,0.063827,0.936173,1.0954,2.9665
SIM_0645,4.5,5.0,1.5,0.9,tunneling,0.073562,0.926438,1.0,3.0
SIM_0646,4.6,5.0,1.5,0.92,tunneling,0.084848,0.915152,0.8944,3.0332
SIM_0647,4.7,5.0,1.5,0.94,tunneling,0.097931,0.902069,0.7746,3.0659
SIM_0648,4.8,5.0,1.5,0.96,tunneling,0.113093,0.886907,0.6325,3.0984
SIM_0649,4.9,5.0,1.5,0.98,tunneling,0.130649,0.869351,0.4472,3.1305
SIM_0650,5.0,5.0,1.5,1.0,over_barrier,0.150931,0.849069,0.01,3.1623
SIM_0651,5.1,5.0,1.5,1.02,over_barrier,0.174351,0.825649,0.4472,3.1937
SIM_0652,5.2,5.0,1.5,1.04,over_barrier,0.201258,0.798742,0.6325,3.2249
SIM_0653,5.3,5.0,1.5,1.06,over_barrier,0.232051,0.767949,0.7746,3.2558
SIM_0654,5.4,5.0,1.5,1.08,over_barrier,0.267079,0.732921,0.8944,3.2863
SIM_0655,5.5,5.0,1.5,1.1,over_barrier,0.306621,0.693379,1.0,3.3166
SIM_0656,5.6,5.0,1.5,1.12,over_barrier,0.350829,0.649171,1.0954,3.3466
SIM_0657,5.7,5.0,1.5,1.14,over_barrier,0.399663,0.600337,1.1832,3.3764
SIM_0658,5.8,5.0,1.5,1.16,over_barrier,0.452824,0.547176,1.2649,3.4059
SIM_0659,5.9,5.0,1.5,1.18,over_barrier,0.509692,0.490308,1.3416,3.4351
SIM_0660,6.0,5.0,1.5,1.2,over_barrier,0.569283,0.430717,1.4142,3.4641
SIM_0661,6.1,5.0,1.5,1.22,over_barrier,0.630258,0.369742,1.4832,3.4928
SIM_0662,6.2,5.0,1.5,1.24,over_barrier,0.690975,0.309025,1.5492,3.5214
SIM_0663,6.3,5.0,1.5,1.26,over_barrier,0.749623,0.250377,1.6125,3.5496
SIM_0664,6.4,5.0,1.5,1.28,over_barrier,0.804387,0.195613,1.6733,3.5777
SIM_0665,6.5,5.0,1.5,1.3,over_barrier,0.853652,0.146348,1.7321,3.6056
SIM_0666,6.6,5.0,1.5,1.32,over_barrier,0.896174,0.103826,1.7889,3.6332
SIM_0667,6.7,5.0,1.5,1.34,over_barrier,0.931196,0.068804,1.8439,3.6606
SIM_0668,6.8,5.0,1.5,1.36,over_barrier,0.958482,0.041518,1.8974,3.6878
SIM_0669,6.9,5.0,1.5,1.38,over_barrier,0.978272,0.021728,1.9494,3.7148
SIM_0670,7.0,5.0,1.5,1.4,resonance,0.991188,0.008812,2.0,3.7417
SIM_0671,7.1,5.0,1.5,1.42,resonance,0.998096,0.001904,2.0494,3.7683
SIM_0672,7.2,5.0,1.5,1.44,resonance,0.999991,9e-06,2.0976,3.7947
SIM_0673,7.3,5.0,1.5,1.46,resonance,0.997884,0.002116,2.1448,3.821
SIM_0674,7.4,5.0,1.5,1.48,resonance,0.992732,0.007268,2.1909,3.8471
SIM_0675,7.5,5.0,1.5,1.5,over_barrier,0.985389,0.014611,2.2361,3.873
SIM_0676,7.6,5.0,1.5,1.52,over_barrier,0.976584,0.023416,2.2804,3.8987
SIM_0677,7.7,5.0,1.5,1.54,over_barrier,0.966921,0.033079,2.3238,3.9243
SIM_0678,7.8,5.0,1.5,1.56,over_barrier,0.95688,0.04312,2.3664,3.9497
SIM_0679,7.9,5.0,1.5,1.58,over_barrier,0.946836,0.053164,2.4083,3.9749
SIM_0680,8.0,5.0,1.5,1.6,over_barrier,0.937072,0.062928,2.4495,4.0
SIM_0681,8.1,5.0,1.5,1.62,over_barrier,0.927796,0.072204,2.49,4.0249
SIM_0682,8.2,5.0,1.5,1.64,over_barrier,0.919154,0.080846,2.5298,4.0497
SIM_0683,8.3,5.0,1.5,1.66,over_barrier,0.911245,0.088755,2.569,4.0743
SIM_0684,8.4,5.0,1.5,1.68,over_barrier,0.904131,0.095869,2.6077,4.0988
SIM_0685,8.5,5.0,1.5,1.7,over_barrier,0.897844,0.102156,2.6458,4.1231
SIM_0686,8.6,5.0,1.5,1.72,over_barrier,0.892395,0.107605,2.6833,4.1473
SIM_0687,8.7,5.0,1.5,1.74,over_barrier,0.887778,0.112222,2.7203,4.1713
SIM_0688,8.8,5.0,1.5,1.76,over_barrier,0.883975,0.116025,2.7568,4.1952
SIM_0689,8.9,5.0,1.5,1.78,over_barrier,0.880962,0.119038,2.7928,4.219
SIM_0690,9.0,5.0,1.5,1.8,over_barrier,0.878705,0.121295,2.8284,4.2426
SIM_0691,9.1,5.0,1.5,1.82,over_barrier,0.877169,0.122831,2.8636,4.2661
SIM_0692,9.2,5.0,1.5,1.84,over_barrier,0.876314,0.123686,2.8983,4.2895
SIM_0693,9.3,5.0,1.5,1.86,over_barrier,0.876099,0.123901,2.9326,4.3128
SIM_0694,9.4,5.0,1.5,1.88,over_barrier,0.876483,0.123517,2.9665,4.3359
SIM_0695,9.5,5.0,1.5,1.9,over_barrier,0.877422,0.122578,3.0,4.3589
SIM_0696,9.6,5.0,1.5,1.92,over_barrier,0.878875,0.121125,3.0332,4.3818
SIM_0697,9.7,5.0,1.5,1.94,over_barrier,0.880798,0.119202,3.0659,4.4045
SIM_0698,9.8,5.0,1.5,1.96,over_barrier,0.883152,0.116848,3.0984,4.4272
SIM_0699,9.9,5.0,1.5,1.98,over_barrier,0.885894,0.114106,3.1305,4.4497
SIM_0700,10.0,5.0,1.5,2.0,over_barrier,0.888984,0.111016,3.1623,4.4721
SIM_0701,0.1,5.0,2.0,0.02,tunneling,1e-06,0.999999,3.1305,0.4472
SIM_0702,0.2,5.0,2.0,0.04,tunneling,3e-06,0.999997,3.0984,0.6325
SIM_0703,0.3,5.0,2.0,0.06,tunneling,4e-06,0.999996,3.0659,0.7746
SIM_0704,0.4,5.0,2.0,0.08,tunneling,6e-06,0.999994,3.0332,0.8944
SIM_0705,0.5,5.0,2.0,0.1,tunneling,9e-06,0.999991,3.0,1.0
SIM_0706,0.6,5.0,2.0,0.12,tunneling,1.2e-05,0.999988,2.9665,1.0954
SIM_0707,0.7,5.0,2.0,0.14,tunneling,1.6e-05,0.999984,2.9326,1.1832
SIM_0708,0.8,5.0,2.0,0.16,tunneling,2e-05,0.99998,2.8983,1.2649
SIM_0709,0.9,5.0,2.0,0.18,tunneling,2.5e-05,0.999975,2.8636,1.3416
SIM_0710,1.0,5.0,2.0,0.2,tunneling,3.1e-05,0.999969,2.8284,1.4142
SIM_0711,1.1,5.0,2.0,0.22,tunneling,3.9e-05,0.999961,2.7928,1.4832
SIM_0712,1.2,5.0,2.0,0.24,tunneling,4.7e-05,0.999953,2.7568,1.5492
SIM_0713,1.3,5.0,2.0,0.26,tunneling,5.8e-05,0.999942,2.7203,1.6125
SIM_0714,1.4,5.0,2.0,0.28,tunneling,7e-05,0.99993,2.6833,1.6733
SIM_0715,1.5,5.0,2.0,0.3,tunneling,8.5e-05,0.999915,2.6458,1.7321
SIM_0716,1.6,5.0,2.0,0.32,tunneling,0.000103,0.999897,2.6077,1.7889
SIM_0717,1.7,5.0,2.0,0.34,tunneling,0.000124,0.999876,2.569,1.8439
SIM_0718,1.8,5.0,2.0,0.36,tunneling,0.000149,0.999851,2.5298,1.8974
SIM_0719,1.9,5.0,2.0,0.38,tunneling,0.000178,0.999822,2.49,1.9494
SIM_0720,2.0,5.0,2.0,0.4,tunneling,0.000213,0.999787,2.4495,2.0
SIM_0721,2.1,5.0,2.0,0.42,tunneling,0.000255,0.999745,2.4083,2.0494
SIM_0722,2.2,5.0,2.0,0.44,tunneling,0.000305,0.999695,2.3664,2.0976
SIM_0723,2.3,5.0,2.0,0.46,tunneling,0.000365,0.999635,2.3238,2.1448
SIM_0724,2.4,5.0,2.0,0.48,tunneling,0.000436,0.999564,2.2804,2.1909
SIM_0725,2.5,5.0,2.0,0.5,tunneling,0.000522,0.999478,2.2361,2.2361
SIM_0726,2.6,5.0,2.0,0.52,tunneling,0.000624,0.999376,2.1909,2.2804
SIM_0727,2.7,5.0,2.0,0.54,tunneling,0.000747,0.999253,2.1448,2.3238
SIM_0728,2.8,5.0,2.0,0.56,tunneling,0.000895,0.999105,2.0976,2.3664
SIM_0729,2.9,5.0,2.0,0.58,tunneling,0.001073,0.998927,2.0494,2.4083
SIM_0730,3.0,5.0,2.0,0.6,tunneling,0.001287,0.998713,2.0,2.4495
SIM_0731,3.1,5.0,2.0,0.62,tunneling,0.001547,0.998453,1.9494,2.49
SIM_0732,3.2,5.0,2.0,0.64,tunneling,0.001863,0.998137,1.8974,2.5298
SIM_0733,3.3,5.0,2.0,0.66,tunneling,0.002247,0.997753,1.8439,2.569
SIM_0734,3.4,5.0,2.0,0.68,tunneling,0.002715,0.997285,1.7889,2.6077
SIM_0735,3.5,5.0,2.0,0.7,tunneling,0.003288,0.996712,1.7321,2.6458
SIM_0736,3.6,5.0,2.0,0.72,tunneling,0.003991,0.996009,1.6733,2.6833
SIM_0737,3.7,5.0,2.0,0.74,tunneling,0.004858,0.995142,1.6125,2.7203
SIM_0738,3.8,5.0,2.0,0.76,tunneling,0.005931,0.994069,1.5492,2.7568
SIM_0739,3.9,5.0,2.0,0.78,tunneling,0.007263,0.992737,1.4832,2.7928
SIM_0740,4.0,5.0,2.0,0.8,tunneling,0.008926,0.991074,1.4142,2.8284
SIM_0741,4.1,5.0,2.0,0.82,tunneling,0.01101,0.98899,1.3416,2.8636
SIM_0742,4.2,5.0,2.0,0.84,tunneling,0.013637,0.986363,1.2649,2.8983
SIM_0743,4.3,5.0,2.0,0.86,tunneling,0.016964,0.983036,1.1832,2.9326
SIM_0744,4.4,5.0,2.0,0.88,tunneling,0.021204,0.978796,1.0954,2.9665
SIM_0745,4.5,5.0,2.0,0.9,tunneling,0.026639,0.973361,1.0,3.0
SIM_0746,4.6,5.0,2.0,0.92,tunneling,0.033649,0.966351,0.8944,3.0332
SIM_0747,4.7,5.0,2.0,0.94,tunneling,0.042748,0.957252,0.7746,3.0659
SIM_0748,4.8,5.0,2.0,0.96,tunneling,0.054636,0.945364,0.6325,3.0984
SIM_0749,4.9,5.0,2.0,0.98,tunneling,0.070261,0.929739,0.4472,3.1305
SIM_0750,5.0,5.0,2.0,1.0,over_barrier,0.090896,0.909104,0.01,3.1623
SIM_0751,5.1,5.0,2.0,1.02,over_barrier,0.118301,0.881699,0.4472,3.1937
SIM_0752,5.2,5.0,2.0,1.04,over_barrier,0.154688,0.845312,0.6325,3.2249
SIM_0753,5.3,5.0,2.0,1.06,over_barrier,0.202882,0.797118,0.7746,3.2558
SIM_0754,5.4,5.0,2.0,1.08,over_barrier,0.266092,0.733908,0.8944,3.2863
SIM_0755,5.5,5.0,2.0,1.1,over_barrier,0.347326,0.652674,1.0,3.3166
SIM_0756,5.6,5.0,2.0,1.12,over_barrier,0.448034,0.551966,1.0954,3.3466
SIM_0757,5.7,5.0,2.0,1.14,over_barrier,0.565876,0.434124,1.1832,3.3764
SIM_0758,5.8,5.0,2.0,1.16,over_barrier,0.692382,0.307618,1.2649,3.4059
SIM_0759,5.9,5.0,2.0,1.18,over_barrier,0.812744,0.187256,1.3416,3.4351
SIM_0760,6.0,5.0,2.0,1.2,over_barrier,0.910032,0.089968,1.4142,3.4641
SIM_0761,6.1,5.0,2.0,1.22,over_barrier,0.972506,0.027494,1.4832,3.4928
SIM_0762,6.2,5.0,2.0,1.24,resonance,0.998435,0.001565,1.5492,3.5214
SIM_0763,6.3,5.0,2.0,1.26,resonance,0.994743,0.005257,1.6125,3.5496
SIM_0764,6.4,5.0,2.0,1.28,over_barrier,0.971894,0.028106,1.6733,3.5777
SIM_0765,6.5,5.0,2.0,1.3,over_barrier,0.939501,0.060499,1.7321,3.6056
SIM_0766,6.6,5.0,2.0,1.32,over_barrier,0.904477,0.095523,1.7889,3.6332
SIM_0767,6.7,5.0,2.0,1.34,over_barrier,0.871026,0.128974,1.8439,3.6606
SIM_0768,6.8,5.0,2.0,1.36,over_barrier,0.841353,0.158647,1.8974,3.6878
SIM_0769,6.9,5.0,2.0,1.38,over_barrier,0.816396,0.183604,1.9494,3.7148
SIM_0770,7.0,5.0,2.0,1.4,over_barrier,0.796374,0.203626,2.0,3.7417
SIM_0771,7.1,5.0,2.0,1.42,over_barrier,0.781132,0.218868,2.0494,3.7683
SIM_0772,7.2,5.0,2.0,1.44,over_barrier,0.770344,0.229656,2.0976,3.7947
SIM_0773,7.3,5.0,2.0,1.46,over_barrier,0.763618,0.236382,2.1448,3.821
SIM_0774,7.4,5.0,2.0,1.48,over_barrier,0.760554,0.239446,2.1909,3.8471
SIM_0775,7.5,5.0,2.0,1.5,over_barrier,0.760769,0.239231,2.2361,3.873
SIM_0776,7.6,5.0,2.0,1.52,over_barrier,0.763899,0.236101,2.2804,3.8987
SIM_0777,7.7,5.0,2.0,1.54,over_barrier,0.769607,0.230393,2.3238,3.9243
SIM_0778,7.8,5.0,2.0,1.56,over_barrier,0.777573,0.222427,2.3664,3.9497
SIM_0779,7.9,5.0,2.0,1.58,over_barrier,0.787493,0.212507,2.4083,3.9749
SIM_0780,8.0,5.0,2.0,1.6,over_barrier,0.79907,0.20093,2.4495,4.0
SIM_0781,8.1,5.0,2.0,1.62,over_barrier,0.812014,0.187986,2.49,4.0249
SIM_0782,8.2,5.0,2.0,1.64,over_barrier,0.826037,0.173963,2.5298,4.0497
SIM_0783,8.3,5.0,2.0,1.66,over_barrier,0.840851,0.159149,2.569,4.0743
SIM_0784,8.4,5.0,2.0,1.68,over_barrier,0.856172,0.143828,2.6077,4.0988
SIM_0785,8.5,5.0,2.0,1.7,over_barrier,0.871718,0.128282,2.6458,4.1231
SIM_0786,8.6,5.0,2.0,1.72,over_barrier,0.887214,0.112786,2.6833,4.1473
SIM_0787,8.7,5.0,2.0,1.74,over_barrier,0.902396,0.097604,2.7203,4.1713
SIM_0788,8.8,5.0,2.0,1.76,over_barrier,0.917017,0.082983,2.7568,4.1952
SIM_0789,8.9,5.0,2.0,1.78,over_barrier,0.930853,0.069147,2.7928,4.219
SIM_0790,9.0,5.0,2.0,1.8,over_barrier,0.943705,0.056295,2.8284,4.2426
SIM_0791,9.1,5.0,2.0,1.82,over_barrier,0.955409,0.044591,2.8636,4.2661
SIM_0792,9.2,5.0,2.0,1.84,over_barrier,0.965834,0.034166,2.8983,4.2895
SIM_0793,9.3,5.0,2.0,1.86,over_barrier,0.974889,0.025111,2.9326,4.3128
SIM_0794,9.4,5.0,2.0,1.88,over_barrier,0.982521,0.017479,2.9665,4.3359
SIM_0795,9.5,5.0,2.0,1.9,over_barrier,0.988715,0.011285,3.0,4.3589
SIM_0796,9.6,5.0,2.0,1.92,resonance,0.993489,0.006511,3.0332,4.3818
SIM_0797,9.7,5.0,2.0,1.94,resonance,0.996895,0.003105,3.0659,4.4045
SIM_0798,9.8,5.0,2.0,1.96,resonance,0.999011,0.000989,3.0984,4.4272
SIM_0799,9.9,5.0,2.0,1.98,resonance,0.999937,6.3e-05,3.1305,4.4497
SIM_0800,10.0,5.0,2.0,2.0,resonance,0.999786,0.000214,3.1623,4.4721
SIM_0801,0.1,7.0,0.5,0.0143,tunneling,0.005733,0.994267,3.7148,0.4472
SIM_0802,0.2,7.0,0.5,0.0286,tunneling,0.011557,0.988443,3.6878,0.6325
SIM_0803,0.3,7.0,0.5,0.0429,tunneling,0.017471,0.982529,3.6606,0.7746
SIM_0804,0.4,7.0,0.5,0.0571,tunneling,0.023475,0.976525,3.6332,0.8944
SIM_0805,0.5,7.0,0.5,0.0714,tunneling,0.029569,0.970431,3.6056,1.0
SIM_0806,0.6,7.0,0.5,0.0857,tunneling,0.03575,0.96425,3.5777,1.0954
SIM_0807,0.7,7.0,0.5,0.1,tunneling,0.04202,0.95798,3.5496,1.1832
SIM_0808,0.8,7.0,0.5,0.1143,tunneling,0.048375,0.951625,3.5214,1.2649
SIM_0809,0.9,7.0,0.5,0.1286,tunneling,0.054817,0.945183,3.4928,1.3416
SIM_0810,1.0,7.0,0.5,0.1429,tunneling,0.061343,0.938657,3.4641,1.4142
SIM_0811,1.1,7.0,0.5,0.1571,tunneling,0.067952,0.932048,3.4351,1.4832
SIM_0812,1.2,7.0,0.5,0.1714,tunneling,0.074644,0.925356,3.4059,1.5492
SIM_0813,1.3,7.0,0.5,0.1857,tunneling,0.081417,0.918583,3.3764,1.6125
SIM_0814,1.4,7.0,0.5,0.2,tunneling,0.088269,0.911731,3.3466,1.6733
SIM_0815,1.5,7.0,0.5,0.2143,tunneling,0.095199,0.904801,3.3166,1.7321
SIM_0816,1.6,7.0,0.5,0.2286,tunneling,0.102206,0.897794,3.2863,1.7889
SIM_0817,1.7,7.0,0.5,0.2429,tunneling,0.109288,0.890712,3.2558,1.8439
SIM_0818,1.8,7.0,0.5,0.2571,tunneling,0.116444,0.883556,3.2249,1.8974
SIM_0819,1.9,7.0,0.5,0.2714,tunneling,0.123671,0.876329,3.1937,1.9494
SIM_0820,2.0,7.0,0.5,0.2857,tunneling,0.130969,0.869031,3.1623,2.0
SIM_0821,2.1,7.0,0.5,0.3,tunneling,0.138334,0.861666,3.1305,2.0494
SIM_0822,2.2,7.0,0.5,0.3143,tunneling,0.145766,0.854234,3.0984,2.0976
SIM_0823,2.3,7.0,0.5,0.3286,tunneling,0.153262,0.846738,3.0659,2.1448
SIM_0824,2.4,7.0,0.5,0.3429,tunneling,0.160821,0.839179,3.0332,2.1909
SIM_0825,2.5,7.0,0.5,0.3571,tunneling,0.16844,0.83156,3.0,2.2361
SIM_0826,2.6,7.0,0.5,0.3714,tunneling,0.176117,0.823883,2.9665,2.2804
SIM_0827,2.7,7.0,0.5,0.3857,tunneling,0.18385,0.81615,2.9326,2.3238
SIM_0828,2.8,7.0,0.5,0.4,tunneling,0.191636,0.808364,2.8983,2.3664
SIM_0829,2.9,7.0,0.5,0.4143,tunneling,0.199474,0.800526,2.8636,2.4083
SIM_0830,3.0,7.0,0.5,0.4286,tunneling,0.207362,0.792638,2.8284,2.4495
SIM_0831,3.1,7.0,0.5,0.4429,tunneling,0.215295,0.784705,2.7928,2.49
SIM_0832,3.2,7.0,0.5,0.4571,tunneling,0.223274,0.776726,2.7568,2.5298
SIM_0833,3.3,7.0,0.5,0.4714,tunneling,0.231293,0.768707,2.7203,2.569
SIM_0834,3.4,7.0,0.5,0.4857,tunneling,0.239353,0.760647,2.6833,2.6077
SIM_0835,3.5,7.0,0.5,0.5,tunneling,0.247448,0.752552,2.6458,2.6458
SIM_0836,3.6,7.0,0.5,0.5143,tunneling,0.255579,0.744421,2.6077,2.6833
SIM_0837,3.7,7.0,0.5,0.5286,tunneling,0.26374,0.73626,2.569,2.7203
SIM_0838,3.8,7.0,0.5,0.5429,tunneling,0.271931,0.728069,2.5298,2.7568
SIM_0839,3.9,7.0,0.5,0.5571,tunneling,0.280148,0.719852,2.49,2.7928
SIM_0840,4.0,7.0,0.5,0.5714,tunneling,0.288388,0.711612,2.4495,2.8284
SIM_0841,4.1,7.0,0.5,0.5857,tunneling,0.296649,0.703351,2.4083,2.8636
SIM_0842,4.2,7.0,0.5,0.6,tunneling,0.304929,0.695071,2.3664,2.8983
SIM_0843,4.3,7.0,0.5,0.6143,tunneling,0.313224,0.686776,2.3238,2.9326
SIM_0844,4.4,7.0,0.5,0.6286,tunneling,0.321531,0.678469,2.2804,2.9665
SIM_0845,4.5,7.0,0.5,0.6429,tunneling,0.329849,0.670151,2.2361,3.0
SIM_0846,4.6,7.0,0.5,0.6571,tunneling,0.338174,0.661826,2.1909,3.0332
SIM_0847,4.7,7.0,0.5,0.6714,tunneling,0.346504,0.653496,2.1448,3.0659
SIM_0848,4.8,7.0,0.5,0.6857,tunneling,0.354835,0.645165,2.0976,3.0984
SIM_0849,4.9,7.0,0.5,0.7,tunneling,0.363166,0.636834,2.0494,3.1305
SIM_0850,5.0,7.0,0.5,0.7143,tunneling,0.371492,0.628508,2.0,3.1623
SIM_0851,5.1,7.0,0.5,0.7286,tunneling,0.379813,0.620187,1.9494,3.1937
SIM_0852,5.2,7.0,0.5,0.7429,tunneling,0.388125,0.611875,1.8974,3.2249
SIM_0853,5.3,7.0,0.5,0.7571,tunneling,0.396425,0.603575,1.8439,3.2558
SIM_0854,5.4,7.0,0.5,0.7714,tunneling,0.40471,0.59529,1.7889,3.2863
SIM_0855,5.5,7.0,0.5,0.7857,tunneling,0.412979,0.587021,1.7321,3.3166
SIM_0856,5.6,7.0,0.5,0.8,tunneling,0.421229,0.578771,1.6733,3.3466
SIM_0857,5.7,7.0,0.5,0.8143,tunneling,0.429456,0.570544,1.6125,3.3764
SIM_0858,5.8,7.0,0.5,0.8286,tunneling,0.437659,0.562341,1.5492,3.4059
SIM_0859,5.9,7.0,0.5,0.8429,tunneling,0.445836,0.554164,1.4832,3.4351
SIM_0860,6.0,7.0,0.5,0.8571,tunneling,0.453982,0.546018,1.4142,3.4641
SIM_0861,6.1,7.0,0.5,0.8714,tunneling,0.462097,0.537903,1.3416,3.4928
SIM_0862,6.2,7.0,0.5,0.8857,tunneling,0.470178,0.529822,1.2649,3.5214
SIM_0863,6.3,7.0,0.5,0.9,tunneling,0.478223,0.521777,1.1832,3.5496
SIM_0864,6.4,7.0,0.5,0.9143,tunneling,0.486229,0.513771,1.0954,3.5777
SIM_0865,6.5,7.0,0.5,0.9286,tunneling,0.494194,0.505806,1.0,3.6056
SIM_0866,6.6,7.0,0.5,0.9429,tunneling,0.502116,0.497884,0.8944,3.6332
SIM_0867,6.7,7.0,0.5,0.9571,tunneling,0.509993,0.490007,0.7746,3.6606
SIM_0868,6.8,7.0,0.5,0.9714,tunneling,0.517823,0.482177,0.6325,3.6878
SIM_0869,6.9,7.0,0.5,0.9857,tunneling,0.525604,0.474396,0.4472,3.7148
SIM_0870,7.0,7.0,0.5,1.0,over_barrier,0.533325,0.466675,0.0118,3.7417
SIM_0871,7.1,7.0,0.5,1.0143,over_barrier,0.54101,0.45899,0.4472,3.7683
SIM_0872,7.2,7.0,0.5,1.0286,over_barrier,0.548633,0.451367,0.6325,3.7947
SIM_0873,7.3,7.0,0.5,1.0429,over_barrier,0.556199,0.443801,0.7746,3.821
SIM_0874,7.4,7.0,0.5,1.0571,over_barrier,0.563706,0.436294,0.8944,3.8471
SIM_0875,7.5,7.0,0.5,1.0714,over_barrier,0.571155,0.428845,1.0,3.873
SIM_0876,7.6,7.0,0.5,1.0857,over_barrier,0.578542,0.421458,1.0954,3.8987
SIM_0877,7.7,7.0,0.5,1.1,over_barrier,0.585866,0.414134,1.1832,3.9243
SIM_0878,7.8,7.0,0.5,1.1143,over_barrier,0.593126,0.406874,1.2649,3.9497
SIM_0879,7.9,7.0,0.5,1.1286,over_barrier,0.60032,0.39968,1.3416,3.9749
SIM_0880,8.0,7.0,0.5,1.1429,over_barrier,0.607448,0.392552,1.4142,4.0
SIM_0881,8.1,7.0,0.5,1.1571,over_barrier,0.614508,0.385492,1.4832,4.0249
SIM_0882,8.2,7.0,0.5,1.1714,over_barrier,0.621499,0.378501,1.5492,4.0497
SIM_0883,8.3,7.0,0.5,1.1857,over_barrier,0.628419,0.371581,1.6125,4.0743
SIM_0884,8.4,7.0,0.5,1.2,over_barrier,0.635268,0.364732,1.6733,4.0988
SIM_0885,8.5,7.0,0.5,1.2143,over_barrier,0.642045,0.357955,1.7321,4.1231
SIM_0886,8.6,7.0,0.5,1.2286,over_barrier,0.648749,0.351251,1.7889,4.1473
SIM_0887,8.7,7.0,0.5,1.2429,over_barrier,0.655379,0.344621,1.8439,4.1713
SIM_0888,8.8,7.0,0.5,1.2571,over_barrier,0.661934,0.338066,1.8974,4.1952
SIM_0889,8.9,7.0,0.5,1.2714,over_barrier,0.668414,0.331586,1.9494,4.219
SIM_0890,9.0,7.0,0.5,1.2857,over_barrier,0.674817,0.325183,2.0,4.2426
SIM_0891,9.1,7.0,0.5,1.3,over_barrier,0.681144,0.318856,2.0494,4.2661
SIM_0892,9.2,7.0,0.5,1.3143,over_barrier,0.687393,0.312607,2.0976,4.2895
SIM_0893,9.3,7.0,0.5,1.3286,over_barrier,0.693565,0.306435,2.1448,4.3128
SIM_0894,9.4,7.0,0.5,1.3429,over_barrier,0.699658,0.300342,2.1909,4.3359
SIM_0895,9.5,7.0,0.5,1.3571,over_barrier,0.705673,0.294327,2.2361,4.3589
SIM_0896,9.6,7.0,0.5,1.3714,over_barrier,0.71161,0.28839,2.2804,4.3818
SIM_0897,9.7,7.0,0.5,1.3857,over_barrier,0.717467,0.282533,2.3238,4.4045
SIM_0898,9.8,7.0,0.5,1.4,over_barrier,0.723245,0.276755,2.3664,4.4272
SIM_0899,9.9,7.0,0.5,1.4143,over_barrier,0.728943,0.271057,2.4083,4.4497
SIM_0900,10.0,7.0,0.5,1.4286,over_barrier,0.734562,0.265438,2.4495,4.4721
SIM_0901,0.1,7.0,1.0,0.0143,tunneling,0.000134,0.999866,3.7148,0.4472
SIM_0902,0.2,7.0,1.0,0.0286,tunneling,0.000278,0.999722,3.6878,0.6325
SIM_0903,0.3,7.0,1.0,0.0429,tunneling,0.000434,0.999566,3.6606,0.7746
SIM_0904,0.4,7.0,1.0,0.0571,tunneling,0.000603,0.999397,3.6332,0.8944
SIM_0905,0.5,7.0,1.0,0.0714,tunneling,0.000784,0.999216,3.6056,1.0
SIM_0906,0.6,7.0,1.0,0.0857,tunneling,0.000979,0.999021,3.5777,1.0954
SIM_0907,0.7,7.0,1.0,0.1,tunneling,0.00119,0.99881,3.5496,1.1832
SIM_0908,0.8,7.0,1.0,0.1143,tunneling,0.001416,0.998584,3.5214,1.2649
SIM_0909,0.9,7.0,1.0,0.1286,tunneling,0.001659,0.998341,3.4928,1.3416
SIM_0910,1.0,7.0,1.0,0.1429,tunneling,0.00192,0.99808,3.4641,1.4142
SIM_0911,1.1,7.0,1.0,0.1571,tunneling,0.0022,0.9978,3.4351,1.4832
SIM_0912,1.2,7.0,1.0,0.1714,tunneling,0.002501,0.997499,3.4059,1.5492
SIM_0913,1.3,7.0,1.0,0.1857,tunneling,0.002824,0.997176,3.3764,1.6125
SIM_0914,1.4,7.0,1.0,0.2,tunneling,0.00317,0.99683,3.3466,1.6733
SIM_0915,1.5,7.0,1.0,0.2143,tunneling,0.003542,0.996458,3.3166,1.7321
SIM_0916,1.6,7.0,1.0,0.2286,tunneling,0.00394,0.99606,3.2863,1.7889
SIM_0917,1.7,7.0,1.0,0.2429,tunneling,0.004366,0.995634,3.2558,1.8439
SIM_0918,1.8,7.0,1.0,0.2571,tunneling,0.004823,0.995177,3.2249,1.8974
SIM_0919,1.9,7.0,1.0,0.2714,tunneling,0.005313,0.994687,3.1937,1.9494
SIM_0920,2.0,7.0,1.0,0.2857,tunneling,0.005837,0.994163,3.1623,2.0
SIM_0921,2.1,7.0,1.0,0.3,tunneling,0.006399,0.993601,3.1305,2.0494
SIM_0922,2.2,7.0,1.0,0.3143,tunneling,0.007,0.993,3.0984,2.0976
SIM_0923,2.3,7.0,1.0,0.3286,tunneling,0.007643,0.992357,3.0659,2.1448
SIM_0924,2.4,7.0,1.0,0.3429,tunneling,0.008331,0.991669,3.0332,2.1909
SIM_0925,2.5,7.0,1.0,0.3571,tunneling,0.009068,0.990932,3.0,2.2361
SIM_0926,2.6,7.0,1.0,0.3714,tunneling,0.009856,0.990144,2.9665,2.2804
SIM_0927,2.7,7.0,1.0,0.3857,tunneling,0.010699,0.989301,2.9326,2.3238
SIM_0928,2.8,7.0,1.0,0.4,tunneling,0.011601,0.988399,2.8983,2.3664
SIM_0929,2.9,7.0,1.0,0.4143,tunneling,0.012566,0.987434,2.8636,2.4083
SIM_0930,3.0,7.0,1.0,0.4286,tunneling,0.013597,0.986403,2.8284,2.4495
SIM_0931,3.1,7.0,1.0,0.4429,tunneling,0.014701,0.985299,2.7928,2.49
SIM_0932,3.2,7.0,1.0,0.4571,tunneling,0.015881,0.984119,2.7568,2.5298
SIM_0933,3.3,7.0,1.0,0.4714,tunneling,0.017143,0.982857,2.7203,2.569
SIM_0934,3.4,7.0,1.0,0.4857,tunneling,0.018493,0.981507,2.6833,2.6077
SIM_0935,3.5,7.0,1.0,0.5,tunneling,0.019936,0.980064,2.6458,2.6458
SIM_0936,3.6,7.0,1.0,0.5143,tunneling,0.021479,0.978521,2.6077,2.6833
SIM_0937,3.7,7.0,1.0,0.5286,tunneling,0.023128,0.976872,2.569,2.7203
SIM_0938,3.8,7.0,1.0,0.5429,tunneling,0.024892,0.975108,2.5298,2.7568
SIM_0939,3.9,7.0,1.0,0.5571,tunneling,0.026778,0.973222,2.49,2.7928
SIM_0940,4.0,7.0,1.0,0.5714,tunneling,0.028795,0.971205,2.4495,2.8284
SIM_0941,4.1,7.0,1.0,0.5857,tunneling,0.030951,0.969049,2.4083,2.8636
SIM_0942,4.2,7.0,1.0,0.6,tunneling,0.033256,0.966744,2.3664,2.8983
SIM_0943,4.3,7.0,1.0,0.6143,tunneling,0.03572,0.96428,2.3238,2.9326
SIM_0944,4.4,7.0,1.0,0.6286,tunneling,0.038354,0.961646,2.2804,2.9665
SIM_0945,4.5,7.0,1.0,0.6429,tunneling,0.041169,0.958831,2.2361,3.0
SIM_0946,4.6,7.0,1.0,0.6571,tunneling,0.044179,0.955821,2.1909,3.0332
SIM_0947,4.7,7.0,1.0,0.6714,tunneling,0.047396,0.952604,2.1448,3.0659
SIM_0948,4.8,7.0,1.0,0.6857,tunneling,0.050833,0.949167,2.0976,3.0984
SIM_0949,4.9,7.0,1.0,0.7,tunneling,0.054507,0.945493,2.0494,3.1305
SIM_0950,5.0,7.0,1.0,0.7143,tunneling,0.058432,0.941568,2.0,3.1623
SIM_0951,5.1,7.0,1.0,0.7286,tunneling,0.062626,0.937374,1.9494,3.1937
SIM_0952,5.2,7.0,1.0,0.7429,tunneling,0.067105,0.932895,1.8974,3.2249
SIM_0953,5.3,7.0,1.0,0.7571,tunneling,0.071889,0.928111,1.8439,3.2558
SIM_0954,5.4,7.0,1.0,0.7714,tunneling,0.076997,0.923003,1.7889,3.2863
SIM_0955,5.5,7.0,1.0,0.7857,tunneling,0.08245,0.91755,1.7321,3.3166
SIM_0956,5.6,7.0,1.0,0.8,tunneling,0.088269,0.911731,1.6733,3.3466
SIM_0957,5.7,7.0,1.0,0.8143,tunneling,0.094477,0.905523,1.6125,3.3764
SIM_0958,5.8,7.0,1.0,0.8286,tunneling,0.101097,0.898903,1.5492,3.4059
SIM_0959,5.9,7.0,1.0,0.8429,tunneling,0.108154,0.891846,1.4832,3.4351
SIM_0960,6.0,7.0,1.0,0.8571,tunneling,0.115674,0.884326,1.4142,3.4641
SIM_0961,6.1,7.0,1.0,0.8714,tunneling,0.123682,0.876318,1.3416,3.4928
SIM_0962,6.2,7.0,1.0,0.8857,tunneling,0.132206,0.867794,1.2649,3.5214
SIM_0963,6.3,7.0,1.0,0.9,tunneling,0.141272,0.858728,1.1832,3.5496
SIM_0964,6.4,7.0,1.0,0.9143,tunneling,0.150908,0.849092,1.0954,3.5777
SIM_0965,6.5,7.0,1.0,0.9286,tunneling,0.161143,0.838857,1.0,3.6056
SIM_0966,6.6,7.0,1.0,0.9429,tunneling,0.172003,0.827997,0.8944,3.6332
SIM_0967,6.7,7.0,1.0,0.9571,tunneling,0.183515,0.816485,0.7746,3.6606
SIM_0968,6.8,7.0,1.0,0.9714,tunneling,0.195706,0.804294,0.6325,3.6878
SIM_0969,6.9,7.0,1.0,0.9857,tunneling,0.208601,0.791399,0.4472,3.7148
SIM_0970,7.0,7.0,1.0,1.0,over_barrier,0.222211,0.777789,0.0118,3.7417
SIM_0971,7.1,7.0,1.0,1.0143,over_barrier,0.236591,0.763409,0.4472,3.7683
SIM_0972,7.2,7.0,1.0,1.0286,over_barrier,0.251725,0.748275,0.6325,3.7947
SIM_0973,7.3,7.0,1.0,1.0429,over_barrier,0.267638,0.732362,0.7746,3.821
SIM_0974,7.4,7.0,1.0,1.0571,over_barrier,0.284341,0.715659,0.8944,3.8471
SIM_0975,7.5,7.0,1.0,1.0714,over_barrier,0.301838,0.698162,1.0,3.873
SIM_0976,7.6,7.0,1.0,1.0857,over_barrier,0.320128,0.679872,1.0954,3.8987
SIM_0977,7.7,7.0,1.0,1.1,over_barrier,0.339204,0.660796,1.1832,3.9243
SIM_0978,7.8,7.0,1.0,1.1143,over_barrier,0.359051,0.640949,1.2649,3.9497
SIM_0979,7.9,7.0,1.0,1.1286,over_barrier,0.379647,0.620353,1.3416,3.9749
SIM_0980,8.0,7.0,1.0,1.1429,over_barrier,0.40096,0.59904,1.4142,4.0
SIM_0981,8.1,7.0,1.0,1.1571,over_barrier,0.42295,0.57705,1.4832,4.0249
SIM_0982,8.2,7.0,1.0,1.1714,over_barrier,0.445566,0.554434,1.5492,4.0497
SIM_0983,8.3,7.0,1.0,1.1857,over_barrier,0.468748,0.531252,1.6125,4.0743
SIM_0984,8.4,7.0,1.0,1.2,over_barrier,0.492427,0.507573,1.6733,4.0988
SIM_0985,8.5,7.0,1.0,1.2143,over_barrier,0.516524,0.483476,1.7321,4.1231
SIM_0986,8.6,7.0,1.0,1.2286,over_barrier,0.540951,0.459049,1.7889,4.1473
SIM_0987,8.7,7.0,1.0,1.2429,over_barrier,0.56561,0.43439,1.8439,4.1713
SIM_0988,8.8,7.0,1.0,1.2571,over_barrier,0.590398,0.409602,1.8974,4.1952
SIM_0989,8.9,7.0,1.0,1.2714,over_barrier,0.615206,0.384794,1.9494,4.219
SIM_0990,9.0,7.0,1.0,1.2857,over_barrier,0.639919,0.360081,2.0,4.2426
SIM_0991,9.1,7.0,1.0,1.3,over_barrier,0.66442,0.33558,2.0494,4.2661
SIM_0992,9.2,7.0,1.0,1.3143,over_barrier,0.688593,0.311407,2.0976,4.2895
SIM_0993,9.3,7.0,1.0,1.3286,over_barrier,0.712322,0.287678,2.1448,4.3128
SIM_0994,9.4,7.0,1.0,1.3429,over_barrier,0.735493,0.264507,2.1909,4.3359
SIM_0995,9.5,7.0,1.0,1.3571,over_barrier,0.758,0.242,2.2361,4.3589
SIM_0996,9.6,7.0,1.0,1.3714,over_barrier,0.779744,0.220256,2.2804,4.3818
SIM_0997,9.7,7.0,1.0,1.3857,over_barrier,0.800632,0.199368,2.3238,4.4045
SIM_0998,9.8,7.0,1.0,1.4,over_barrier,0.820584,0.179416,2.3664,4.4272
SIM_0999,9.9,7.0,1.0,1.4143,over_barrier,0.839532,0.160468,2.4083,4.4497
SIM_1000,10.0,7.0,1.0,1.4286,over_barrier,0.857418,0.142582,2.4495,4.4721
SIM_1001,0.1,7.0,1.5,0.0143,tunneling,3e-06,0.999997,3.7148,0.4472
SIM_1002,0.2,7.0,1.5,0.0286,tunneling,7e-06,0.999993,3.6878,0.6325
SIM_1003,0.3,7.0,1.5,0.0429,tunneling,1.1e-05,0.999989,3.6606,0.7746
SIM_1004,0.4,7.0,1.5,0.0571,tunneling,1.6e-05,0.999984,3.6332,0.8944
SIM_1005,0.5,7.0,1.5,0.0714,tunneling,2.1e-05,0.999979,3.6056,1.0
SIM_1006,0.6,7.0,1.5,0.0857,tunneling,2.7e-05,0.999973,3.5777,1.0954
SIM_1007,0.7,7.0,1.5,0.1,tunneling,3.4e-05,0.999966,3.5496,1.1832
SIM_1008,0.8,7.0,1.5,0.1143,tunneling,4.2e-05,0.999958,3.5214,1.2649
SIM_1009,0.9,7.0,1.5,0.1286,tunneling,5e-05,0.99995,3.4928,1.3416
SIM_1010,1.0,7.0,1.5,0.1429,tunneling,6e-05,0.99994,3.4641,1.4142
SIM_1011,1.1,7.0,1.5,0.1571,tunneling,7.1e-05,0.999929,3.4351,1.4832
SIM_1012,1.2,7.0,1.5,0.1714,tunneling,8.3e-05,0.999917,3.4059,1.5492
SIM_1013,1.3,7.0,1.5,0.1857,tunneling,9.7e-05,0.999903,3.3764,1.6125
SIM_1014,1.4,7.0,1.5,0.2,tunneling,0.000112,0.999888,3.3466,1.6733
SIM_1015,1.5,7.0,1.5,0.2143,tunneling,0.000129,0.999871,3.3166,1.7321
SIM_1016,1.6,7.0,1.5,0.2286,tunneling,0.000147,0.999853,3.2863,1.7889
SIM_1017,1.7,7.0,1.5,0.2429,tunneling,0.000169,0.999831,3.2558,1.8439
SIM_1018,1.8,7.0,1.5,0.2571,tunneling,0.000192,0.999808,3.2249,1.8974
SIM_1019,1.9,7.0,1.5,0.2714,tunneling,0.000218,0.999782,3.1937,1.9494
SIM_1020,2.0,7.0,1.5,0.2857,tunneling,0.000248,0.999752,3.1623,2.0
SIM_1021,2.1,7.0,1.5,0.3,tunneling,0.00028,0.99972,3.1305,2.0494
SIM_1022,2.2,7.0,1.5,0.3143,tunneling,0.000317,0.999683,3.0984,2.0976
SIM_1023,2.3,7.0,1.5,0.3286,tunneling,0.000357,0.999643,3.0659,2.1448
SIM_1024,2.4,7.0,1.5,0.3429,tunneling,0.000403,0.999597,3.0332,2.1909
SIM_1025,2.5,7.0,1.5,0.3571,tunneling,0.000453,0.999547,3.0,2.2361
SIM_1026,2.6,7.0,1.5,0.3714,tunneling,0.00051,0.99949,2.9665,2.2804
SIM_1027,2.7,7.0,1.5,0.3857,tunneling,0.000573,0.999427,2.9326,2.3238
SIM_1028,2.8,7.0,1.5,0.4,tunneling,0.000643,0.999357,2.8983,2.3664
SIM_1029,2.9,7.0,1.5,0.4143,tunneling,0.000721,0.999279,2.8636,2.4083
SIM_1030,3.0,7.0,1.5,0.4286,tunneling,0.000809,0.999191,2.8284,2.4495
SIM_1031,3.1,7.0,1.5,0.4429,tunneling,0.000907,0.999093,2.7928,2.49
SIM_1032,3.2,7.0,1.5,0.4571,tunneling,0.001016,0.998984,2.7568,2.5298
SIM_1033,3.3,7.0,1.5,0.4714,tunneling,0.001138,0.998862,2.7203,2.569
SIM_1034,3.4,7.0,1.5,0.4857,tunneling,0.001275,0.998725,2.6833,2.6077
SIM_1035,3.5,7.0,1.5,0.5,tunneling,0.001428,0.998572,2.6458,2.6458
SIM_1036,3.6,7.0,1.5,0.5143,tunneling,0.001599,0.998401,2.6077,2.6833
SIM_1037,3.7,7.0,1.5,0.5286,tunneling,0.001791,0.998209,2.569,2.7203
SIM_1038,3.8,7.0,1.5,0.5429,tunneling,0.002006,0.997994,2.5298,2.7568
SIM_1039,3.9,7.0,1.5,0.5571,tunneling,0.002248,0.997752,2.49,2.7928
SIM_1040,4.0,7.0,1.5,0.5714,tunneling,0.002519,0.997481,2.4495,2.8284
SIM_1041,4.1,7.0,1.5,0.5857,tunneling,0.002823,0.997177,2.4083,2.8636
SIM_1042,4.2,7.0,1.5,0.6,tunneling,0.003166,0.996834,2.3664,2.8983
SIM_1043,4.3,7.0,1.5,0.6143,tunneling,0.003551,0.996449,2.3238,2.9326
SIM_1044,4.4,7.0,1.5,0.6286,tunneling,0.003986,0.996014,2.2804,2.9665
SIM_1045,4.5,7.0,1.5,0.6429,tunneling,0.004476,0.995524,2.2361,3.0
SIM_1046,4.6,7.0,1.5,0.6571,tunneling,0.005029,0.994971,2.1909,3.0332
SIM_1047,4.7,7.0,1.5,0.6714,tunneling,0.005653,0.994347,2.1448,3.0659
SIM_1048,4.8,7.0,1.5,0.6857,tunneling,0.00636,0.99364,2.0976,3.0984
SIM_1049,4.9,7.0,1.5,0.7,tunneling,0.007161,0.992839,2.0494,3.1305
SIM_1050,5.0,7.0,1.5,0.7143,tunneling,0.008069,0.991931,2.0,3.1623
SIM_1051,5.1,7.0,1.5,0.7286,tunneling,0.009099,0.990901,1.9494,3.1937
SIM_1052,5.2,7.0,1.5,0.7429,tunneling,0.010271,0.989729,1.8974,3.2249
SIM_1053,5.3,7.0,1.5,0.7571,tunneling,0.011605,0.988395,1.8439,3.2558
SIM_1054,5.4,7.0,1.5,0.7714,tunneling,0.013125,0.986875,1.7889,3.2863
SIM_1055,5.5,7.0,1.5,0.7857,tunneling,0.014861,0.985139,1.7321,3.3166
SIM_1056,5.6,7.0,1.5,0.8,tunneling,0.016845,0.983155,1.6733,3.3466
SIM_1057,5.7,7.0,1.5,0.8143,tunneling,0.019118,0.980882,1.6125,3.3764
SIM_1058,5.8,7.0,1.5,0.8286,tunneling,0.021724,0.978276,1.5492,3.4059
SIM_1059,5.9,7.0,1.5,0.8429,tunneling,0.024718,0.975282,1.4832,3.4351
SIM_1060,6.0,7.0,1.5,0.8571,tunneling,0.028163,0.971837,1.4142,3.4641
SIM_1061,6.1,7.0,1.5,0.8714,tunneling,0.032134,0.967866,1.3416,3.4928
SIM_1062,6.2,7.0,1.5,0.8857,tunneling,0.036718,0.963282,1.2649,3.5214
SIM_1063,6.3,7.0,1.5,0.9,tunneling,0.04202,0.95798,1.1832,3.5496
SIM_1064,6.4,7.0,1.5,0.9143,tunneling,0.048159,0.951841,1.0954,3.5777
SIM_1065,6.5,7.0,1.5,0.9286,tunneling,0.055282,0.944718,1.0,3.6056
SIM_1066,6.6,7.0,1.5,0.9429,tunneling,0.063556,0.936444,0.8944,3.6332
SIM_1067,6.7,7.0,1.5,0.9571,tunneling,0.073181,0.926819,0.7746,3.6606
SIM_1068,6.8,7.0,1.5,0.9714,tunneling,0.084388,0.915612,0.6325,3.6878
SIM_1069,6.9,7.0,1.5,0.9857,tunneling,0.097449,0.902551,0.4472,3.7148
SIM_1070,7.0,7.0,1.5,1.0,over_barrier,0.112664,0.887336,0.0118,3.7417
SIM_1071,7.1,7.0,1.5,1.0143,over_barrier,0.130427,0.869573,0.4472,3.7683
SIM_1072,7.2,7.0,1.5,1.0286,over_barrier,0.151104,0.848896,0.6325,3.7947
SIM_1073,7.3,7.0,1.5,1.0429,over_barrier,0.175152,0.824848,0.7746,3.821
SIM_1074,7.4,7.0,1.5,1.0571,over_barrier,0.203047,0.796953,0.8944,3.8471
SIM_1075,7.5,7.0,1.5,1.0714,over_barrier,0.235276,0.764724,1.0,3.873
SIM_1076,7.6,7.0,1.5,1.0857,over_barrier,0.272305,0.727695,1.0954,3.8987
SIM_1077,7.7,7.0,1.5,1.1,over_barrier,0.314522,0.685478,1.1832,3.9243
SIM_1078,7.8,7.0,1.5,1.1143,over_barrier,0.362173,0.637827,1.2649,3.9497
SIM_1079,7.9,7.0,1.5,1.1286,over_barrier,0.41526,0.58474,1.3416,3.9749
SIM_1080,8.0,7.0,1.5,1.1429,over_barrier,0.473441,0.526559,1.4142,4.0
SIM_1081,8.1,7.0,1.5,1.1571,over_barrier,0.535926,0.464074,1.4832,4.0249
SIM_1082,8.2,7.0,1.5,1.1714,over_barrier,0.601405,0.398595,1.5492,4.0497
SIM_1083,8.3,7.0,1.5,1.1857,over_barrier,0.668046,0.331954,1.6125,4.0743
SIM_1084,8.4,7.0,1.5,1.2,over_barrier,0.733593,0.266407,1.6733,4.0988
SIM_1085,8.5,7.0,1.5,1.2143,over_barrier,0.795573,0.204427,1.7321,4.1231
SIM_1086,8.6,7.0,1.5,1.2286,over_barrier,0.851595,0.148405,1.7889,4.1473
SIM_1087,8.7,7.0,1.5,1.2429,over_barrier,0.899662,0.100338,1.8439,4.1713
SIM_1088,8.8,7.0,1.5,1.2571,over_barrier,0.938434,0.061566,1.8974,4.1952
SIM_1089,8.9,7.0,1.5,1.2714,over_barrier,0.967352,0.032648,1.9494,4.219
SIM_1090,9.0,7.0,1.5,1.2857,over_barrier,0.986628,0.013372,2.0,4.2426
SIM_1091,9.1,7.0,1.5,1.3,resonance,0.997092,0.002908,2.0494,4.2661
SIM_1092,9.2,7.0,1.5,1.3143,resonance,0.999986,1.4e-05,2.0976,4.2895
SIM_1093,9.3,7.0,1.5,1.3286,resonance,0.996748,0.003252,2.1448,4.3128
SIM_1094,9.4,7.0,1.5,1.3429,over_barrier,0.988829,0.011171,2.1909,4.3359
SIM_1095,9.5,7.0,1.5,1.3571,over_barrier,0.97757,0.02243,2.2361,4.3589
SIM_1096,9.6,7.0,1.5,1.3714,over_barrier,0.96413,0.03587,2.2804,4.3818
SIM_1097,9.7,7.0,1.5,1.3857,over_barrier,0.949462,0.050538,2.3238,4.4045
SIM_1098,9.8,7.0,1.5,1.4,over_barrier,0.934318,0.065682,2.3664,4.4272
SIM_1099,9.9,7.0,1.5,1.4143,over_barrier,0.91927,0.08073,2.4083,4.4497
SIM_1100,10.0,7.0,1.5,1.4286,over_barrier,0.904734,0.095266,2.4495,4.4721
SIM_1101,0.1,7.0,2.0,0.0143,tunneling,0.0,1.0,3.7148,0.4472
SIM_1102,0.2,7.0,2.0,0.0286,tunneling,0.0,1.0,3.6878,0.6325
SIM_1103,0.3,7.0,2.0,0.0429,tunneling,0.0,1.0,3.6606,0.7746
SIM_1104,0.4,7.0,2.0,0.0571,tunneling,0.0,1.0,3.6332,0.8944
SIM_1105,0.5,7.0,2.0,0.0714,tunneling,1e-06,0.999999,3.6056,1.0
SIM_1106,0.6,7.0,2.0,0.0857,tunneling,1e-06,0.999999,3.5777,1.0954
SIM_1107,0.7,7.0,2.0,0.1,tunneling,1e-06,0.999999,3.5496,1.1832
SIM_1108,0.8,7.0,2.0,0.1143,tunneling,1e-06,0.999999,3.5214,1.2649
SIM_1109,0.9,7.0,2.0,0.1286,tunneling,2e-06,0.999998,3.4928,1.3416
SIM_1110,1.0,7.0,2.0,0.1429,tunneling,2e-06,0.999998,3.4641,1.4142
SIM_1111,1.1,7.0,2.0,0.1571,tunneling,2e-06,0.999998,3.4351,1.4832
SIM_1112,1.2,7.0,2.0,0.1714,tunneling,3e-06,0.999997,3.4059,1.5492
SIM_1113,1.3,7.0,2.0,0.1857,tunneling,3e-06,0.999997,3.3764,1.6125
SIM_1114,1.4,7.0,2.0,0.2,tunneling,4e-06,0.999996,3.3466,1.6733
SIM_1115,1.5,7.0,2.0,0.2143,tunneling,5e-06,0.999995,3.3166,1.7321
SIM_1116,1.6,7.0,2.0,0.2286,tunneling,6e-06,0.999994,3.2863,1.7889
SIM_1117,1.7,7.0,2.0,0.2429,tunneling,6e-06,0.999994,3.2558,1.8439
SIM_1118,1.8,7.0,2.0,0.2571,tunneling,8e-06,0.999992,3.2249,1.8974
SIM_1119,1.9,7.0,2.0,0.2714,tunneling,9e-06,0.999991,3.1937,1.9494
SIM_1120,2.0,7.0,2.0,0.2857,tunneling,1e-05,0.99999,3.1623,2.0
SIM_1121,2.1,7.0,2.0,0.3,tunneling,1.2e-05,0.999988,3.1305,2.0494
SIM_1122,2.2,7.0,2.0,0.3143,tunneling,1.4e-05,0.999986,3.0984,2.0976
SIM_1123,2.3,7.0,2.0,0.3286,tunneling,1.7e-05,0.999983,3.0659,2.1448
SIM_1124,2.4,7.0,2.0,0.3429,tunneling,1.9e-05,0.999981,3.0332,2.1909
SIM_1125,2.5,7.0,2.0,0.3571,tunneling,2.3e-05,0.999977,3.0,2.2361
SIM_1126,2.6,7.0,2.0,0.3714,tunneling,2.6e-05,0.999974,2.9665,2.2804
SIM_1127,2.7,7.0,2.0,0.3857,tunneling,3.1e-05,0.999969,2.9326,2.3238
SIM_1128,2.8,7.0,2.0,0.4,tunneling,3.5e-05,0.999965,2.8983,2.3664
SIM_1129,2.9,7.0,2.0,0.4143,tunneling,4.1e-05,0.999959,2.8636,2.4083
SIM_1130,3.0,7.0,2.0,0.4286,tunneling,4.8e-05,0.999952,2.8284,2.4495
SIM_1131,3.1,7.0,2.0,0.4429,tunneling,5.6e-05,0.999944,2.7928,2.49
SIM_1132,3.2,7.0,2.0,0.4571,tunneling,6.5e-05,0.999935,2.7568,2.5298
SIM_1133,3.3,7.0,2.0,0.4714,tunneling,7.5e-05,0.999925,2.7203,2.569
SIM_1134,3.4,7.0,2.0,0.4857,tunneling,8.7e-05,0.999913,2.6833,2.6077
SIM_1135,3.5,7.0,2.0,0.5,tunneling,0.000101,0.999899,2.6458,2.6458
SIM_1136,3.6,7.0,2.0,0.5143,tunneling,0.000118,0.999882,2.6077,2.6833
SIM_1137,3.7,7.0,2.0,0.5286,tunneling,0.000137,0.999863,2.569,2.7203
SIM_1138,3.8,7.0,2.0,0.5429,tunneling,0.00016,0.99984,2.5298,2.7568
SIM_1139,3.9,7.0,2.0,0.5571,tunneling,0.000187,0.999813,2.49,2.7928
SIM_1140,4.0,7.0,2.0,0.5714,tunneling,0.000218,0.999782,2.4495,2.8284
SIM_1141,4.1,7.0,2.0,0.5857,tunneling,0.000254,0.999746,2.4083,2.8636
SIM_1142,4.2,7.0,2.0,0.6,tunneling,0.000297,0.999703,2.3664,2.8983
SIM_1143,4.3,7.0,2.0,0.6143,tunneling,0.000348,0.999652,2.3238,2.9326
SIM_1144,4.4,7.0,2.0,0.6286,tunneling,0.000408,0.999592,2.2804,2.9665
SIM_1145,4.5,7.0,2.0,0.6429,tunneling,0.000479,0.999521,2.2361,3.0
SIM_1146,4.6,7.0,2.0,0.6571,tunneling,0.000563,0.999437,2.1909,3.0332
SIM_1147,4.7,7.0,2.0,0.6714,tunneling,0.000663,0.999337,2.1448,3.0659
SIM_1148,4.8,7.0,2.0,0.6857,tunneling,0.000783,0.999217,2.0976,3.0984
SIM_1149,4.9,7.0,2.0,0.7,tunneling,0.000925,0.999075,2.0494,3.1305
SIM_1150,5.0,7.0,2.0,0.7143,tunneling,0.001095,0.998905,2.0,3.1623
SIM_1151,5.1,7.0,2.0,0.7286,tunneling,0.001299,0.998701,1.9494,3.1937
SIM_1152,5.2,7.0,2.0,0.7429,tunneling,0.001545,0.998455,1.8974,3.2249
SIM_1153,5.3,7.0,2.0,0.7571,tunneling,0.001842,0.998158,1.8439,3.2558
SIM_1154,5.4,7.0,2.0,0.7714,tunneling,0.002201,0.997799,1.7889,3.2863
SIM_1155,5.5,7.0,2.0,0.7857,tunneling,0.002638,0.997362,1.7321,3.3166
SIM_1156,5.6,7.0,2.0,0.8,tunneling,0.00317,0.99683,1.6733,3.3466
SIM_1157,5.7,7.0,2.0,0.8143,tunneling,0.003822,0.996178,1.6125,3.3764
SIM_1158,5.8,7.0,2.0,0.8286,tunneling,0.004625,0.995375,1.5492,3.4059
SIM_1159,5.9,7.0,2.0,0.8429,tunneling,0.005615,0.994385,1.4832,3.4351
SIM_1160,6.0,7.0,2.0,0.8571,tunneling,0.006845,0.993155,1.4142,3.4641
SIM_1161,6.1,7.0,2.0,0.8714,tunneling,0.00838,0.99162,1.3416,3.4928
SIM_1162,6.2,7.0,2.0,0.8857,tunneling,0.010305,0.989695,1.2649,3.5214
SIM_1163,6.3,7.0,2.0,0.9,tunneling,0.012736,0.987264,1.1832,3.5496
SIM_1164,6.4,7.0,2.0,0.9143,tunneling,0.015822,0.984178,1.0954,3.5777
SIM_1165,6.5,7.0,2.0,0.9286,tunneling,0.01977,0.98023,1.0,3.6056
SIM_1166,6.6,7.0,2.0,0.9429,tunneling,0.024856,0.975144,0.8944,3.6332
SIM_1167,6.7,7.0,2.0,0.9571,tunneling,0.031458,0.968542,0.7746,3.6606
SIM_1168,6.8,7.0,2.0,0.9714,tunneling,0.040098,0.959902,0.6325,3.6878
SIM_1169,6.9,7.0,2.0,0.9857,tunneling,0.051498,0.948502,0.4472,3.7148
SIM_1170,7.0,7.0,2.0,1.0,over_barrier,0.066654,0.933346,0.0118,3.7417
SIM_1171,7.1,7.0,2.0,1.0143,over_barrier,0.087009,0.912991,0.4472,3.7683
SIM_1172,7.2,7.0,2.0,1.0286,over_barrier,0.114475,0.885525,0.6325,3.7947
SIM_1173,7.3,7.0,2.0,1.0429,over_barrier,0.151722,0.848278,0.7746,3.821
SIM_1174,7.4,7.0,2.0,1.0571,over_barrier,0.202231,0.797769,0.8944,3.8471
SIM_1175,7.5,7.0,2.0,1.0714,over_barrier,0.270201,0.729799,1.0,3.873
SIM_1176,7.6,7.0,2.0,1.0857,over_barrier,0.359812,0.640188,1.0954,3.8987
SIM_1177,7.7,7.0,2.0,1.1,over_barrier,0.473239,0.526761,1.1832,3.9243
SIM_1178,7.8,7.0,2.0,1.1143,over_barrier,0.606971,0.393029,1.2649,3.9497
SIM_1179,7.9,7.0,2.0,1.1286,over_barrier,0.747798,0.252202,1.3416,3.9749
SIM_1180,8.0,7.0,2.0,1.1429,over_barrier,0.873112,0.126888,1.4142,4.0
SIM_1181,8.1,7.0,2.0,1.1571,over_barrier,0.959941,0.040059,1.4832,4.0249
SIM_1182,8.2,7.0,2.0,1.1714,resonance,0.997683,0.002317,1.5492,4.0497
SIM_1183,8.3,7.0,2.0,1.1857,resonance,0.9922,0.0078,1.6125,4.0743
SIM_1184,8.4,7.0,2.0,1.2,over_barrier,0.958602,0.041398,1.6733,4.0988
SIM_1185,8.5,7.0,2.0,1.2143,over_barrier,0.911979,0.088021,1.7321,4.1231
SIM_1186,8.6,7.0,2.0,1.2286,over_barrier,0.862918,0.137082,1.7889,4.1473
SIM_1187,8.7,7.0,2.0,1.2429,over_barrier,0.817326,0.182674,1.8439,4.1713
SIM_1188,8.8,7.0,2.0,1.2571,over_barrier,0.777856,0.222144,1.8974,4.1952
SIM_1189,8.9,7.0,2.0,1.2714,over_barrier,0.7453,0.2547,1.9494,4.219
SIM_1190,9.0,7.0,2.0,1.2857,over_barrier,0.719534,0.280466,2.0,4.2426
SIM_1191,9.1,7.0,2.0,1.3,over_barrier,0.700045,0.299955,2.0494,4.2661
SIM_1192,9.2,7.0,2.0,1.3143,over_barrier,0.686204,0.313796,2.0976,4.2895
SIM_1193,9.3,7.0,2.0,1.3286,over_barrier,0.677392,0.322608,2.1448,4.3128
SIM_1194,9.4,7.0,2.0,1.3429,over_barrier,0.673049,0.326951,2.1909,4.3359
SIM_1195,9.5,7.0,2.0,1.3571,over_barrier,0.672682,0.327318,2.2361,4.3589
SIM_1196,9.6,7.0,2.0,1.3714,over_barrier,0.675868,0.324132,2.2804,4.3818
SIM_1197,9.7,7.0,2.0,1.3857,over_barrier,0.682233,0.317767,2.3238,4.4045
SIM_1198,9.8,7.0,2.0,1.4,over_barrier,0.691447,0.308553,2.3664,4.4272
SIM_1199,9.9,7.0,2.0,1.4143,over_barrier,0.703205,0.296795,2.4083,4.4497
SIM_1200,10.0,7.0,2.0,1.4286,over_barrier,0.717216,0.282784,2.4495,4.4721
